Name,Value
APTRIAL_force_available,false
APTRIAL_force_overnight,false
APTRIAL_force_purchase,false
AUDIO_activeProcessingMux,SPCStereo
AUDIO_alertChimePeriodMs,1000
AUDIO_alertChimeVolume,0.010
AUDIO_ampVersion,@invalid
AUDIO_audioSource,BluetoothMedia
AUDIO_balance,0.000
AUDIO_configurationType,Premium
AUDIO_dolbyAvailable,true
AUDIO_dolbyPermittedForRadio,false
AUDIO_dolbyProLogicIIxPermitted,true
AUDIO_dspState,Ready
AUDIO_dynamicsRecovery,@invalid
AUDIO_entertainmentMute,false
AUDIO_entertainmentVolume,25.000
AUDIO_eqGainChanged,7
AUDIO_fade,0.000
AUDIO_immersiveEffect,50.000
AUDIO_inputLevel0,0.000
AUDIO_inputLevel1,0.000
AUDIO_inputLevel10,0.000
AUDIO_inputLevel11,0.000
AUDIO_inputLevel12,0.000
AUDIO_inputLevel13,0.000
AUDIO_inputLevel14,0.000
AUDIO_inputLevel15,0.000
AUDIO_inputLevel2,0.000
AUDIO_inputLevel3,0.000
AUDIO_inputLevel4,0.000
AUDIO_inputLevel5,0.000
AUDIO_inputLevel6,0.000
AUDIO_inputLevel7,0.000
AUDIO_inputLevel8,0.000
AUDIO_inputLevel9,0.000
AUDIO_levelsChanged,20180
AUDIO_lockChimePeriodMs,500
AUDIO_lockChimeVolume,0.010
AUDIO_masterMute,false
AUDIO_microphoneRecording,false
AUDIO_navigationVolume,0.000
AUDIO_navigationZones,69
AUDIO_outputLevel0,0.000
AUDIO_outputLevel1,0.000
AUDIO_outputLevel10,0.000
AUDIO_outputLevel11,0.000
AUDIO_outputLevel12,0.000
AUDIO_outputLevel2,0.000
AUDIO_outputLevel3,0.000
AUDIO_outputLevel4,0.000
AUDIO_outputLevel5,0.000
AUDIO_outputLevel6,0.000
AUDIO_outputLevel7,0.000
AUDIO_outputLevel8,0.000
AUDIO_outputLevel9,0.000
AUDIO_phoneRXMute,true
AUDIO_phoneRXVolume,38.000
AUDIO_processingMux,SPCStereo
AUDIO_pwsGain,-20.000
AUDIO_safetyMuteEnabled,false
AUDIO_speedEffect,0.000
AUDIO_tunerMute,false
AUDIO_turnSignalPeriodMs,680
AUDIO_turnSignalVolume,0.007
AUDIO_version,16022901/02000474
AUDIO_volumeMux,DSPC
BC_trailerDetected,@invalid
BLUETOOTH_A2DPSourceId,0
BLUETOOTH_A2DPSourceName,
BLUETOOTH_A2DPState,Disconnected
BLUETOOTH_HFPState,Disconnected
BLUETOOTH_RSSI,0
BLUETOOTH_address,FBF8F5B70390
BLUETOOTH_antennaConnected,@invalid
BLUETOOTH_autoconnectActive,false
BLUETOOTH_checkPairingResults,0
BLUETOOTH_connectedDeviceId,0
BLUETOOTH_connectionsChanged,0
BLUETOOTH_enabled,false
BLUETOOTH_forgetDeviceOperationCounter,0
BLUETOOTH_forgottenDeviceId,0
BLUETOOTH_inquiryEnded,true
BLUETOOTH_inquiryResults,
BLUETOOTH_lastPairedId,0
BLUETOOTH_pairingPin,@invalid
BLUETOOTH_pairingResults,Failed1
BLUETOOTH_phoneError,None
BLUETOOTH_phoneMake,
BLUETOOTH_phoneModel,
BLUETOOTH_phoneSignalLevel,0
BLUETOOTH_phoneVRStatus,Undefined
BLUETOOTH_phoneVersion,
BLUETOOTH_serviceMode,0
BLUETOOTH_serviceState,Shutdown
BLUETOOTH_startedServices,0
BLUETOOTH_supportedServices,0
BLUETOOTH_version,@invalid
BMS_chargePowerAvailable,@invalid
BMS_debugDisable,false
BMS_debugEnable,false
BMS_energyBuffer,4.000
BMS_expectedEnergyRemaining,53.100
BMS_idealEnergyRemaining,55.900
BMS_nominalEnergyRemaining,57.000
BMS_nominalFullPackEnergyRemaining,79.100
BTPhoneErrChanged,0
CAPI_keepAliveReason,remote API request
CAPI_keepAliveRequest,@invalid
CAPI_remoteAutopark,Off
CAPI_remoteClosureRequest,None
CAPI_remoteHeartbeat,0
CAPI_remotePreconditionCabinRequest,Off
CARSERVER_netStats,"-=158.625,-=2475.218,-=32.323,-=117.023,-=27.363,-=19.646,-=161.858,-=50.670,-=0.000,-=0.000"
CD_displayState,0
CHADA_currentRequest,@invalid
CHADA_evseConnectorTemp,@invalid
CHADA_evseCurrentAvailable,@invalid
CHADA_evseProtocolVersion,@invalid
CHADA_flybackVoltage,@invalid
CHADA_pcbaTemp,@invalid
CHADA_state,@invalid
CHADA_vehicleConnectorTemp,@invalid
CHADA_vehicleProtocolVersion,@invalid
CONN_antennaCell,Normal
CONN_antennaCell2,Normal
CONN_antennaGPS,@invalid
CONN_cellAPN,tesla01.com.attz
CONN_cellActive,true
CONN_cellAppVersion,01.310
CONN_cellBand,@invalid
CONN_cellBandwidth,4 band/20 up/20 down
CONN_cellBootVersion,@invalid
CONN_cellCapabilities,@invalid
CONN_cellChannel,2150
CONN_cellConnected,true
CONN_cellDialAttempts,0
CONN_cellEMMState,@invalid
CONN_cellEid,@invalid
CONN_cellErrorCode,@invalid
CONN_cellGMMState,@invalid
CONN_cellGPRSBearer,lte
CONN_cellGPRSState,@invalid
CONN_cellGeneralIndicator,@invalid
CONN_cellInternetCheckFailed,0
CONN_cellLimitedService,false
CONN_cellLocalTime,@invalid
CONN_cellMMState,@invalid
CONN_cellMode,@invalid
CONN_cellModel,ALS3-US
CONN_cellModemRecoveryResets,0
CONN_cellNetwork,LTE
CONN_cellOperator,AT&T
CONN_cellPSState,1
CONN_cellReceivePower,-99
CONN_cellRoamingDisallowed,false
CONN_cellSMSCounter,@invalid
CONN_cellSearch,false
CONN_cellSignalBars,1
CONN_cellSignalStrength,-99
CONN_cellSimSelection,@invalid
CONN_cellSystemMode,4G
CONN_cellTimeZone,@invalid
CONN_cellUTCTime,@invalid
CONN_connectedToInternet,true
CONN_gwMonitorModemPower,true
CONN_modemCommandResponse,@invalid
CONN_modemConfig,gemalto_lte
CONN_modemResetLoopDetected,0
CONN_registrationStatus,@invalid
CONN_version,1.1
CONN_vpnConnected,true
CONN_wifiActive,true
CONN_wifiConnected,true
CONN_wifiInterfaceIP,192.168.1.172
CONN_wifiInternetCheckFailed,0
CONN_wifiOnlineCheckFailed,0
DASMapDbg_CSASource,@invalid
DASMapDbg_CurrentGeohash,@invalid
DASMapDbg_DbEntrySelected,false
DASMapDbg_DbFilesLoaded,false
DASMapDbg_DbFitSuccessful,false
DASMapDbg_DbIntegrationSuccess,false
DASMapDbg_NumPointsToPolyFit,0.000
DASMapDbg_adasAppDebugTrigger,0
DASMapDbg_autoParkAvailability,@invalid
DASMapDbg_autosteerRestricted,false
DASMapDbg_blacklistSource,@invalid
DASMapDbg_controlPointHeading,0.000
DASMapDbg_controlPointLat,0.000
DASMapDbg_controlPointLon,0.000
DASMapDbg_controlledAccess,false
DASMapDbg_csaCurvHealth,@invalid
DASMapDbg_csaCurvMapFitRoadAngle,@invalid
DASMapDbg_csaCurvMapFitRoadDistance,@invalid
DASMapDbg_csaCurvPolyC1,@invalid
DASMapDbg_csaCurvPolyC2,@invalid
DASMapDbg_csaCurvPolyC3,@invalid
DASMapDbg_csaCurvValid,@invalid
DASMapDbg_csaMppPt0X,@invalid
DASMapDbg_csaMppPt0Y,@invalid
DASMapDbg_csaMppPt1X,@invalid
DASMapDbg_csaMppPt1Y,@invalid
DASMapDbg_csaMppPt2X,@invalid
DASMapDbg_csaMppPt2Y,@invalid
DASMapDbg_csaMppPt3X,@invalid
DASMapDbg_csaMppPt3Y,@invalid
DASMapDbg_csaMppPt4X,@invalid
DASMapDbg_csaMppPt4Y,@invalid
DASMapDbg_csaMppPt5X,@invalid
DASMapDbg_csaMppPt5Y,@invalid
DASMapDbg_csaMppVehicleSORX,@invalid
DASMapDbg_csaMppVehicleSORY,@invalid
DASMapDbg_currentlySendingDatabaseValues,false
DASMapDbg_curvatureHealth,0
DASMapDbg_curvatureMapFitRoadAngle,@invalid
DASMapDbg_curvatureMapFitRoadDistance,@invalid
DASMapDbg_curvaturePolyC1,@invalid
DASMapDbg_curvaturePolyC2,@invalid
DASMapDbg_curvaturePolyC3,@invalid
DASMapDbg_curvatureTrigger,0
DASMapDbg_curvatureValid,false
DASMapDbg_distanceToControlPoint,0.000
DASMapDbg_distanceToEndOfNextRadarTarget,0.000
DASMapDbg_distanceToNextRadarTarget,0.000
DASMapDbg_fleetAcceleration,0.000
DASMapDbg_fleetSpeed,0.000
DASMapDbg_geometrySource,@invalid
DASMapDbg_gpsHeading,0.000
DASMapDbg_gpsLat,0.000
DASMapDbg_gpsLon,0.000
DASMapDbg_headingDiffToControlPoint,0.000
DASMapDbg_heightOfNextRadarTarget,0.000
DASMapDbg_hmmSplineProbability,0.000
DASMapDbg_integratedGpsHeading,0.000
DASMapDbg_integratedGpsLat,0.000
DASMapDbg_integratedGpsLon,0.000
DASMapDbg_metaDataSource,@invalid
DASMapDbg_nextBranchDistanceInMeters,0.000
DASMapDbg_nextBranchOffRampSide,@invalid
DASMapDbg_offrampCurvHealth,@invalid
DASMapDbg_offrampCurvMapFitRoadAngle,@invalid
DASMapDbg_offrampCurvMapFitRoadDistance,@invalid
DASMapDbg_offrampCurvPolyC1,@invalid
DASMapDbg_offrampCurvPolyC2,@invalid
DASMapDbg_offrampCurvPolyC3,@invalid
DASMapDbg_offrampCurvValid,@invalid
DASMapDbg_onHighway,false
DASMapDbg_pedalMisapplicationMitigationEnabled,false
DASMapDbg_radarBrakingEnabled,false
DASMapDbg_ramp,false
DASMapDbg_ramp_type,@invalid
DASMapDbg_roadClass,@invalid
DASMapDbg_speedLimit,0.000
DASMapDbg_speedLimitUnitsMetric,false
DASMapDbg_tValLat,0.000
DASMapDbg_tValLon,0.000
DASMapDbg_tileBlacklistAvailable,false
DASMapDbg_tileCenterTileVersion,@invalid
DASMapDbg_tileCenterTileVersionPlusSchema,@invalid
DASMapDbg_tileCurrentHash,@invalid
DASMapDbg_tileDataValid,false
DASMapDbg_tileDistanceFromSpline,0.000
DASMapDbg_tileNearestSpline,0
DASMapDbg_tileSplineT,0.000
DASMapDbg_tileSplineWidth,0.000
DASMapDbg_tileTrust,0.000
DASMapDbg_trustRadarMap,false
DASMapDbg_tunnel,false
DAS_ACC_report,@invalid
DAS_accSpeedLimit,@invalid
DAS_accState,@invalid
DAS_autoEmergencyBraking,@invalid
DAS_autoLaneChangeState,@invalid
DAS_autoparkReady,@invalid
DAS_autopilotAbortReason,@invalid
DAS_autopilotActivationFailure,@invalid
DAS_autopilotHandsOnState,@invalid
DAS_autopilotState,@invalid
DAS_autosteerBottsDotsUsage,@invalid
DAS_autosteerHPPUsage,@invalid
DAS_autosteerHealthAnomalyLevel,@invalid
DAS_autosteerHealthState,@invalid
DAS_autosteerMIA,@invalid
DAS_autosteerModelUsage,@invalid
DAS_autosteerNavigationUsage,@invalid
DAS_autosteerVehiclesUsage,@invalid
DAS_behaviorReport,@invalid
DAS_behaviorType,@invalid
DAS_blindSpotRearLeft,@invalid
DAS_blindSpotRearRight,@invalid
DAS_constructionZone,@invalid
DAS_controlDistance,@invalid
DAS_controllerHealth,@invalid
DAS_controllerRef,@invalid
DAS_cruiseCutInVehicleDistance,@invalid
DAS_cruiseCutInVehicleID,@invalid
DAS_cruiseCutInVehicleLatPosition,@invalid
DAS_cruiseCutInVehicleRelVelocity,@invalid
DAS_cruiseCutInVehicleRelevantForControl,@invalid
DAS_cruiseCutInVehicleType,@invalid
DAS_cruiseHold,@invalid
DAS_cruiseLeadVehicle2Distance,@invalid
DAS_cruiseLeadVehicle2ID,@invalid
DAS_cruiseLeadVehicle2LatPosition,@invalid
DAS_cruiseLeadVehicle2RelVelocity,@invalid
DAS_cruiseLeadVehicle2RelevantForControl,@invalid
DAS_cruiseLeadVehicle2Type,@invalid
DAS_cruiseLeadVehicleDistance,@invalid
DAS_cruiseLeadVehicleID,@invalid
DAS_cruiseLeadVehicleLatPosition,@invalid
DAS_cruiseLeadVehicleRelVelocity,@invalid
DAS_cruiseLeadVehicleRelevantForControl,@invalid
DAS_cruiseLeadVehicleType,@invalid
DAS_cruiseLeftVehicle2Distance,@invalid
DAS_cruiseLeftVehicle2ID,@invalid
DAS_cruiseLeftVehicle2LatPosition,@invalid
DAS_cruiseLeftVehicle2RelVelocity,@invalid
DAS_cruiseLeftVehicle2RelevantForControl,@invalid
DAS_cruiseLeftVehicle2Type,@invalid
DAS_cruiseLeftVehicleDistance,@invalid
DAS_cruiseLeftVehicleID,@invalid
DAS_cruiseLeftVehicleLatPosition,@invalid
DAS_cruiseLeftVehicleRelVelocity,@invalid
DAS_cruiseLeftVehicleRelevantForControl,@invalid
DAS_cruiseLeftVehicleType,@invalid
DAS_cruiseRightVehicle2Distance,@invalid
DAS_cruiseRightVehicle2ID,@invalid
DAS_cruiseRightVehicle2LatPosition,@invalid
DAS_cruiseRightVehicle2RelVelocity,@invalid
DAS_cruiseRightVehicle2RelevantForControl,@invalid
DAS_cruiseRightVehicle2Type,@invalid
DAS_cruiseRightVehicleDistance,@invalid
DAS_cruiseRightVehicleID,@invalid
DAS_cruiseRightVehicleLatPosition,@invalid
DAS_cruiseRightVehicleRelVelocity,@invalid
DAS_cruiseRightVehicleRelevantForControl,@invalid
DAS_cruiseRightVehicleType,@invalid
DAS_cruiseSnapSpeed,@invalid
DAS_csaState,@invalid
DAS_driverInteractionLevel,@invalid
DAS_fleetSpeedState,@invalid
DAS_hazardsRequest,@invalid
DAS_highLowBeamDecision,@invalid
DAS_intelligentSpeedAssist,@invalid
DAS_laneChangeState,@invalid
DAS_laneDepartureWarning,@invalid
DAS_lastAutosteerAbortReason,@invalid
DAS_lastKnownPhoneGpsAccuracy,@invalid
DAS_lastKnownPhoneGpsLocation,@invalid
DAS_lastLinePreferenceReason,@invalid
DAS_lastWatchdogCode,@invalid
DAS_leftFork,@invalid
DAS_leftLaneExists,@invalid
DAS_leftLineUsage,@invalid
DAS_localizerHealth,@invalid
DAS_longCollisionWarning,@invalid
DAS_lssState,@invalid
DAS_manualSpeedAssist,@invalid
DAS_mapAvailability,@invalid
DAS_missionPlan,@invalid
DAS_navAvailable,@invalid
DAS_navDistance,@invalid
DAS_offsetSide,@invalid
DAS_plannerState,@invalid
DAS_radarTelemetryTrigger,@invalid
DAS_regulatorySpeedAssist,@invalid
DAS_rightFork,@invalid
DAS_rightLaneExists,@invalid
DAS_rightLineUsage,@invalid
DAS_roadEstimator,@invalid
DAS_roadSignColor,@invalid
DAS_roadSignControlActive,@invalid
DAS_roadSignId,@invalid
DAS_roadSignSource,@invalid
DAS_roadSignStopLineDist,@invalid
DAS_roadSurfaceType,@invalid
DAS_rqstedBehaviorStatus,@invalid
DAS_setSpeed,@invalid
DAS_sideCollisionAvoid,@invalid
DAS_sideCollisionInhibit,@invalid
DAS_sideCollisionWarning,@invalid
DAS_signSpeedLimit,@invalid
DAS_summonAvailable,false
DAS_summonClearedGate,@invalid
DAS_summonObstacle,@invalid
DAS_suppressSpeedWarning,@invalid
DAS_ulcInProgress,@invalid
DAS_ulcType,@invalid
DAS_uncommandedManeuverActive,false
DAS_visionOnlySpeedLimit,@invalid
DIS_debugEnable,false
DI_autoparkState,@invalid
DI_debugEnable,false
DI_parkBrakePanic,@invalid
DI_summonInPanic,@invalid
DI_trailerDetected,@invalid
DOOR_closeAllStatus,@invalid
DOOR_falconDoorStatusDriver,@invalid
DOOR_falconDoorStatusPassenger,@invalid
DOOR_falconDriverCalibrationRequired,@invalid
DOOR_falconDriverChimeRequest,@invalid
DOOR_falconDriverMaxHeight,@invalid
DOOR_falconDriverObstacle,@invalid
DOOR_falconDriverQuickOpenAvailable,@invalid
DOOR_falconDriverQuickOpening,@invalid
DOOR_falconIndoorMode,@invalid
DOOR_falconPassengerCalibrationRequired,@invalid
DOOR_falconPassengerChimeRequest,@invalid
DOOR_falconPassengerMaxHeight,@invalid
DOOR_falconPassengerObstacle,@invalid
DOOR_falconPassengerQuickOpenAvailable,@invalid
DOOR_falconPassengerQuickOpening,@invalid
DOOR_frontDriverLatch,@invalid
DOOR_frontDriverMoving,@invalid
DOOR_frontDriverNextAction,@invalid
DOOR_frontDriverPercentOpen,@invalid
DOOR_frontPassengerLatch,@invalid
DOOR_frontPassengerMoving,@invalid
DOOR_frontPassengerNextAction,@invalid
DOOR_frontPassengerPercentOpen,@invalid
DOOR_frontTrunkLatch,@invalid
DOOR_powerLiftGateChimeRequest,@invalid
DOOR_powerLiftGateStatus,@invalid
DOOR_rearDriverLatch,@invalid
DOOR_rearPassengerLatch,@invalid
DOOR_rearTrunkLatch,@invalid
EAS_allowedLevels,@invalid
EAS_currentLevel,Low
EAS_jackModeLamp,false
EAS_levelingNotAllowed,@invalid
EAS_levelingNotPossible,@invalid
EAS_limpMode,@invalid
EAS_mode,@invalid
EAS_spinner,@invalid
EAS_systemDisabled,@invalid
EAS_targetLevel,Low
EBHZN_currentBranchIsAutosteerRestricted,@invalid
EBHZN_currentBranchIsControlledAccess,@invalid
EBHZN_currentBranchIsRamp,@invalid
EBHZN_currentBranchRoadClass,@invalid
EBHZN_dasBranchTrigger,@invalid
EBHZN_externalRouteLastUpdated,@invalid
EBHZN_nextBranchDistanceInMeters,@invalid
EBHZN_nextBranchOffRampToLeft,@invalid
EBHZN_nextBranchOffRampToRight,@invalid
EBHZN_speedLimit,@invalid
EBHZN_speedLimitUnits,@invalid
EBNKMAP_3DMode,@invalid
EBNKMAP_autoRefreshEnabled,@invalid
EBNKMAP_autoZoomEnabled,@invalid
EBNKMAP_dayMode,@invalid
EBNKMAP_mapInitialized,@invalid
EBNKMAP_mapScreenHeight,@invalid
EBNKMAP_mapScreenWidth,@invalid
EBNKMAP_mapVisible,@invalid
EBNKNAV_readyToRestart,@invalid
EB_estimatedGPSValid,@invalid
EB_estimatedGeoTimestamp,@invalid
EB_estimatedHdg,@invalid
EB_estimatedLat,@invalid
EB_estimatedLon,@invalid
EB_initializedCD,@invalid
EB_initializedIC,@invalid
EB_mapCenter,@invalid
EB_mapMoving,false
EB_mapRelease,@invalid
EB_mapRotation,@invalid
EB_mapTags,@invalid
EB_navLanguage,@invalid
EB_resolution,@invalid
EB_sdkVersion,@invalid
EB_startupTimeCD,@invalid
EB_startupTimeIC,@invalid
EB_trafficDisplayInitialized,@invalid
EB_trafficInitialized,@invalid
EB_windowHeight,@invalid
EV_KmsUpTo50,48.280
EV_MilesUpTo30,@invalid
EV_WhpkLast10,392.562
EV_WhpkLast25,349.092
EV_WhpkLast50,@invalid
EV_WhpkUpTo50,344.725
EV_Whpm1MiMedian,514.000
EV_Whpm2MiMedian,514.000
EV_Whpm3MiMedian,426.500
EV_WhpmLast10,574.200
EV_WhpmLast15,550.800
EV_WhpmLast20,559.650
EV_WhpmLast30,542.433
EV_WhpmLast5,566.400
EV_WhpmLastTenth,1247.535
EV_WhpmSendIt,true
EV_WhpmUpTo30,@invalid
EV_currentKnownLocation,Home
EV_last30AveragePower,@invalid
EV_last30EnergyWeightedDrivePower,125821.913
EV_rangeCalc_Miles,@invalid
EV_rangeCalc_Start,@invalid
EV_rangeCalc_kWh,@invalid
EV_rangeCalc_whpm,@invalid
EV_serviceStarted,true
EV_tripA_Miles,7720.567
EV_tripA_Start,16388.662
EV_tripA_kWh,3143.688
EV_tripA_whpm,407.184
EV_tripB_Miles,6659.426
EV_tripB_Start,17449.803
EV_tripB_kWh,2766.620
EV_tripB_whpm,415.444
EV_tripCharge_Miles,0.000
EV_tripCharge_Start,24109.229
EV_tripCharge_kWh,0.000
EV_tripCharge_whpm,0.000
EV_tripCurrent_EndTime,Thu Feb 7 22:48:48 2019
EV_tripCurrent_Miles,1.230
EV_tripCurrent_Start,24107.999
EV_tripCurrent_StartTime,Thu Feb 7 22:43:55 2019
EV_tripCurrent_kWh,0.915
EV_tripCurrent_whpm,743.901
EV_tripSendIt,true
FEATURE_allowVinInChargingTelemetry,true
FEATURE_autoFoldMirrorsEnabled,true
FEATURE_blindspotWarningEnabled,true
FEATURE_browserEnabled,true
FEATURE_calendarEnabled,true
FEATURE_cameraEnabled,true
FEATURE_chargeLimitMax,100
FEATURE_dasDriveOnNavEnabled,false
FEATURE_dasDriveOnNavMapsOkay,false
FEATURE_dasLaneSupportSystemEnabled,false
FEATURE_dasNoConfirmULCEnabled,false
FEATURE_driverProfilesEnabled,true
FEATURE_eggWotEnabled,false
FEATURE_homelinkEnabled,true
FEATURE_laneDepartureWarningEnabled,true
FEATURE_mobileAccessEnabled,true
FEATURE_navigationEnabled,true
FEATURE_navigationServiceMode,disabled
FEATURE_parkAssistEnabled,true
FEATURE_paymentNeeded,false
FEATURE_satelliteMapTilesEnabled,true
FEATURE_streamingRadioEnabled,true
FEATURE_superchargingEnabled,true
FEATURE_trafficMapTilesEnabled,true
FEATURE_tvoiceDisabled,true
FEATURE_vectorMapTilesEnabled,true
FILESYNC_status,"{""nav_us"":{""state"":""idle"",""pct"":0,""rsync_exit_code"":-2,""current_version"":""NA-180906-1605"",""target_version"":""NA-180906-1605""}}"
FILESYNC_toolboxTrigger,""
GMAP_cachedLoadCounter,0
GMAP_networkLoadCounter,0
GTW_chargeState,Complete
GTW_offboardUpdateState,WaitConnection
GTW_offboardUpdateStatus,Ok
GUI_007Mode,false
GUI_24hourTime,true
GUI_AutopilotTrialEndHard,@invalid
GUI_AutopilotTrialEndSoft,@invalid
GUI_AutopilotTrialOptedOut,false
GUI_AutopilotTrialVersion,@invalid
GUI_HoHoHoMode,0
GUI_PINToDriveEnabled,false
GUI_PINToDrivePassed,true
GUI_PINToDriveRequest,false
GUI_ROBenableRadarBraking,Default
GUI_ROBinfrastructure,Default
GUI_ROBtrustRadarMap,Default
GUI_STWControlsMode,Normal
GUI_UMCUpdateInhibit,false
GUI_USBError,false
GUI_WCUpdateInhibit,true
GUI_accFollowDistance,3
GUI_accFromZero,true
GUI_accOvertakeOnRequest,true
GUI_acceptedTelemetryAgreement,true
GUI_activeApps,@nav
GUI_activeDestinationLocation,@invalid
GUI_activeGame,@invalid
GUI_adaptiveHeadlightsRequest,true
GUI_adasCurvatureLog,false
GUI_aebDisabled,false
GUI_alarmOnRequest,true
GUI_alcOffHighwayEnable,true
GUI_alertCount,0
GUI_allReady,true
GUI_alwaysShowRecentChargers,false
GUI_alwaysShowSCWVisualization,false
GUI_anonDebugFlag1,false
GUI_anonDebugFlag2,false
GUI_anonDebugFlag3,false
GUI_anonDebugFlag4,false
GUI_anonDebugParam1,0
GUI_anonDebugParam2,0
GUI_anonDebugParam3,0
GUI_anonDebugParam4,0
GUI_anonDebugParam5,0
GUI_anonDebugParam6,0
GUI_anonDebugParam7,0
GUI_apTrialExpiredAlert,false
GUI_appUptime,25837
GUI_approachLightingRequest,true
GUI_audioReady,true
GUI_audioVolume,2.667
GUI_audioVolumeIncrement,0.333
GUI_audioVolumeMax,10.333
GUI_autoAdjustBacklight,true
GUI_autoDoorLockOnRequest,true
GUI_autoEmergencyBrakingOffRequest,false
GUI_autoFoldMirrors,true
GUI_autoHiLoBeamOnRequest,true
GUI_autoLaneChangeOnRequest,true
GUI_autoParkRequest,Search
GUI_autoPresentDoorsRequest,false
GUI_autoPresentHandlesRequest,true
GUI_autoSummonReady,false
GUI_autoSummonState,Off
GUI_autoparkAllowCrossPark,true
GUI_autoparkAllowPOC,false
GUI_autoparkAllowVirtualCurb,false
GUI_autoparkStatus,Idle
GUI_autopilotAlwaysOn,false
GUI_autopilotClusterDebug,false
GUI_autopilotControlRequest,NextGen
GUI_autopilotReboot,false
GUI_autopilotTrialRequest,None
GUI_autosteerDisabled,false
GUI_autosteerOnRequest,true
GUI_avoidFerries,false
GUI_avoidHighways,false
GUI_avoidTollRoads,false
GUI_backlightAdjustmentMode,Dynamic
GUI_backlightClusterOffset,0
GUI_backlightRequest,27
GUI_backlightUserRequest,27
GUI_backupCameraStreamError,false
GUI_bccenResetRequest,false
GUI_bcfalcdResetRequest,false
GUI_bcfalcpResetRequest,false
GUI_bcfdmResetRequest,false
GUI_bcfpmResetRequest,false
GUI_bcs2cResetRequest,false
GUI_bcs2lResetRequest,false
GUI_bcs2rResetRequest,false
GUI_biohazardOnRequest,false
GUI_blindSpotAssistOnRequest,true
GUI_blinkerRequest,false
GUI_browserLocale,en_US
GUI_browserTranslationFile,QtCar_en
GUI_cabinOverheatProtection,On
GUI_cameraFlip,false
GUI_cameraHardwareOK,true
GUI_cameraPowerRequest,@invalid
GUI_canUseInternet,true
GUI_carColorOverride,@invalid
GUI_cdBoardTemp,31.000
GUI_cdDisplayTemp,@invalid
GUI_cdProcTemp,40.000
GUI_centerDisplayDeviceState,Idle
GUI_centerDisplayTakeOverNow,false
GUI_centerDisplayVersion,develop/2018.48.12.1 #50856 (399e961 on 2018-12-18) Built: 2018-12-19
GUI_chargeAveragePower,0.000
GUI_chargeCurrentRequest,12
GUI_chargeCurrentRequestMax,12
GUI_chargeEnableRequest,true
GUI_chargeLimitRequest,71
GUI_chargePortDoorRequest,false
GUI_chargePortUnlockRequest,false
GUI_chargeSessionActive,true
GUI_chargeSessionAlerts,"GTW_d001_versionMismatch,THC_d0018_activeAero,THC_w0123_sanityCondLeftShutr,DAS_w057_mcuMia,+THC_w0122_condLeftShutrNoFeedbk"
GUI_chargeSessionChargerType,AC
GUI_chargeSessionIdealEnergyAdded,6.214
GUI_chargeSessionIdealStartEnergy,48.450
GUI_chargeSessionMaxCurrent,2.900
GUI_chargeSessionMaxPower,1.051
GUI_chargeSessionPhases,1
GUI_chargeSessionStartSOE,61.385
GUI_chargeSessionStartTime,Thu Feb 7 17:48:59 2019
GUI_chargeToMaxRangeRequest,false
GUI_chargeUnits,Distance
GUI_chgResetRequest,false
GUI_childLockRequest,false
GUI_cidSquashfsError,false
GUI_cidStorageRunningLow,false
GUI_closeAllOnRKELockRequest,false
GUI_closeAllRequest,None
GUI_clusterCamAngle,21.000
GUI_clusterCamDistance,12.000
GUI_clusterCamHeight,7.000
GUI_clusterCamPerspective,5.200
GUI_coastToCoast,false
GUI_comfortMode,false
GUI_confirmZeroSpeed,SNA
GUI_connectivityEnabled,true
GUI_continuousHornRequest,false
GUI_courtesyLightingRequest,true
GUI_creepModeNotification,None
GUI_cruiseSpeedRequest,None
GUI_csaSource,Spline
GUI_currentMediaSources,@invalid
GUI_curvSpeedAdaptDisable,false
GUI_curvatureDatabaseOnly,false
GUI_cutinExperiments,false
GUI_darkRims,false
GUI_dasDebugOn,false
GUI_dasDeveloper,false
GUI_dasResetRequest,false
GUI_dashCamState,@invalid
GUI_dayMode,true
GUI_dayModeMapType,Satellite
GUI_dayModeOverride,false
GUI_daytimeRunningLightsRequest,true
GUI_ddmResetRequest,false
GUI_defrostMode,Off
GUI_developerMode,false
GUI_diagnosticMode,false
GUI_dipMirrorsOnReverseRequest,false
GUI_disableAntiClunkRequest,false
GUI_disableAutosteerRestrictions,false
GUI_disableChargerRoutingForTrip,false
GUI_disableGoogleServices,false
GUI_displayHardwareOK,true
GUI_displayedMaxSpeedToReachDestination,@invalid
GUI_distanceUnits,Miles
GUI_domeLightRequest,Auto
GUI_donNotification,None
GUI_donNotificationString,@invalid
GUI_doneInitialHomeSync,true
GUI_doorMoodLightingRequest,true
GUI_dragStripModeRequest,Off
GUI_driveModeRequest,@invalid
GUI_driveNoteNotification,false
GUI_driveOnNavEnabledForTrip,false
GUI_driveRailRequest,false
GUI_driveStartPredictorAccuracy,0.435
GUI_driveStartPredictorTrained,true
GUI_driveStartPredictorValid,true
GUI_driverDisplayDeviceState,Idle
GUI_dstOffset,0
GUI_dtcCount,0
GUI_easyEntryEnabled,true
GUI_easyEntryRequest2C,None
GUI_easyEntryRequest2L,None
GUI_easyEntryRequest2R,None
GUI_easySelfParkAllowed,true
GUI_easySelfParkEnabled,true
GUI_eggWotMode,Off
GUI_enableAutoWipers,false
GUI_enableCreepTorqueRequest,false
GUI_enableDisplayKeepAlive,false
GUI_enableNavRouteCSA,false
GUI_enableNextGenACC,false
GUI_enableSleep,true
GUI_enableSleepDelayRequest,false
GUI_enableSpeedLimitRequest,false
GUI_enableTraffic,true
GUI_enableTripPlanning,true
GUI_enableVisionOnlyStops,false
GUI_energyChartRange,Long
GUI_energyCurrentExpectedDestinationEnergy,@invalid
GUI_energyCurrentHindsightEnergy,@invalid
GUI_energyCurrentInitiallyPredictedEnergy,@invalid
GUI_energyLimitPercent,100.000
GUI_energyRangeAveraged,true
GUI_energyTripPlanningActive,false
GUI_entertainmentSource,3
GUI_entertainmentVolume,2.667
GUI_espModeRequest,None
GUI_euRadioDABAFEnabled,false
GUI_euRadioDABEnabled,@invalid
GUI_euRadioDABSettingAF,true
GUI_euRadioDABSettingTraffic,true
GUI_euRadioDABTrafficEnabled,false
GUI_euRadioFMAFEnabled,false
GUI_euRadioFMRegEnabled,false
GUI_euRadioFMSettingAF,true
GUI_euRadioFMSettingRegional,true
GUI_euRadioFMSettingTraffic,true
GUI_euRadioFMTrafficEnabled,false
GUI_exceptionListEnable,true
GUI_expectedRoundTripEnergyPercent,@invalid
GUI_expectedTripEnergyPercent,@invalid
GUI_factoryMode,false
GUI_factoryModeLimitOverride,false
GUI_factoryReset,None
GUI_falconDoorDriverRequest,None
GUI_falconDoorGeofenceHeight,@invalid
GUI_falconDoorPassengerRequest,None
GUI_falconQuickOpenDefaultRequest,false
GUI_falseTouchCounter,1
GUI_fartOnSteeringButton,false
GUI_fastChargeTrialExpiration,@invalid
GUI_featureConfig,"{delivered:true,rob_actuation_enabled:true,selfpark:{countries:{chn:{easy-summon:true},hkg:{allowed:false},kor:{easy-summon:true},mex:{easy-summon:true},usa:{easy-summon:true}}},supercharger:{credits_remaining:0},telemetry:{records:{A:{send:true},AUT0:{send:true},AUT1:{send:true},C:{send:true},C1:{send:true},C2:{send:true},C3:{send:true},D:{send:true},D1:{send:true},D10:{send:false},D11:{send:true},D12:{send:true},D13:{send:true},D14:{send:true},D15:{send:true},D16:{send:true},D2:{send:true},D3:{send:true},D4:{send:true},D5:{send:true},D6:{send:true},D7:{send:true},D8:{send:true},D9:{send:true},DC:{send:true},F1:{send:true},G:{send:true},M:{send:false},R1:{send:true},RM:{send:true},SE0:{send:true},T:{send:true},TP:{send:true},TP1:{send:true},TP2:{send:true},TP3:{send:true},UI:{send:true},UI1:{send:true},UI2:{send:false},UI3:{send:true},Y:{send:true}}},tesla_owned:false,ulc_without_confirm:false}"
GUI_followNavRouteEnable,false
GUI_forceDeepSleep,false
GUI_forksEnable,false
GUI_forwardCollisionSensitivity,Default
GUI_fpgaResetRequest,false
GUI_freeSuperchargerEnergyRemaining,@invalid
GUI_frontDoorDriverRequest,None
GUI_frontDoorPassengerRequest,None
GUI_frontFogRequest,true
GUI_frontTrunkChime,@invalid
GUI_frontTrunkPopupClosed,false
GUI_frontTrunkRequest,false
GUI_fuseHPPDisable,false
GUI_fuseLanesDisable,false
GUI_fuseVehiclesDisable,false
GUI_gameStats,"{asteroid:{count:1},missile:{count:19}}"
GUI_gamesFound,@invalid
GUI_globalUnlockOnRequest,true
GUI_gloveboxRequest,false
GUI_googleWifiAccessCounter,0
GUI_handsOnRequirementDisable,false
GUI_headlightLevelRequest,0
GUI_holidayPartyState,0
GUI_homeAddressJson,@invalid
GUI_homelinkNearby,false
GUI_hornRequest,false
GUI_hovEnabled,false
GUI_hvacACOnRequest,false
GUI_hvacAutoRequest,On
GUI_hvacDriverTempRequest,@invalid
GUI_hvacEcoRequest,false
GUI_hvacFanSpeedRequest,0
GUI_hvacFanSpeedRequestForIC,0
GUI_hvacIntakeRequest,Recirc
GUI_hvacLeftTempRequest,23.889
GUI_hvacLeftTempRequestForIC,23.889
GUI_hvacManualACOnRequest,false
GUI_hvacManualBlowerRequest,false
GUI_hvacManualBlowerRequestForIC,0
GUI_hvacManualIntakeRequest,false
GUI_hvacManualRearFanRequest,false
GUI_hvacManualRearPowerRequest,false
GUI_hvacManualRearTempRequest,false
GUI_hvacManualVentRequest,false
GUI_hvacOnRequest,true
GUI_hvacOnRequestForIC,true
GUI_hvacPassengerTempRequest,@invalid
GUI_hvacRearAutoRequest,On
GUI_hvacRearDefrostRequest,false
GUI_hvacRearFanSpeedRequest,1
GUI_hvacRearOnRequest,false
GUI_hvacRearTempRequest,22.500
GUI_hvacRightTempRequest,23.889
GUI_hvacRightTempRequestForIC,23.889
GUI_hvacSyncRequest,Passenger
GUI_hvacSyncRequestForIC,2
GUI_hvacUseModeledDuctTemp,false
GUI_hvacVentModeRequest,Feet
GUI_icPolyToDraw,VirtualLane
GUI_icSquashfsError,false
GUI_icStorageRunningLow,false
GUI_inSuperchargerGeofence,false
GUI_indicatorsReady,true
GUI_inrixTrafficActive,@invalid
GUI_inrixTrafficRecordingToFile,@invalid
GUI_intelligentSpeedAssistChiming,false
GUI_intelligentSpeedOffset,5.000
GUI_intrusionSensorOnRequest,true
GUI_ionizerOnRequest,false
GUI_isCarInChina,false
GUI_isDelivered,true
GUI_isDevelopmentCar,false
GUI_isEarlyAccess,false
GUI_isSuperchargerSessionFeeFinal,@invalid
GUI_keepClimateOn,false
GUI_keyPollRequest,false
GUI_laneAssistLevel,Default
GUI_language,English
GUI_lastCalendarUpdate,@invalid
GUI_lastDriveNote,
GUI_lastFactoryReset,@invalid
GUI_lastFeatureConfigUpdate,1549614600
GUI_lastPlayedGame,missile
GUI_lastSelfParkError,Idle
GUI_lastTouchTime,0
GUI_lastTrackElapsedTime,@invalid
GUI_leftSeatSwitchState,None
GUI_lightSwitchRequest,Auto
GUI_locale,en_US
GUI_localizerSetting,HMM
GUI_lockRequest,None
GUI_logFlushRequest,false
GUI_logLocationData,false
GUI_logMapTouches,false
GUI_logPrivateData,false
GUI_logPullsEnabled,true
GUI_lssEmergencyLaneKeepEnabled,false
GUI_lssLaneDepartureWarningEnabled,false
GUI_lssLaneKeepAlarm,false
GUI_magicLockRequest,true
GUI_managedHomeChargingCurrentRequest,@invalid
GUI_managedHomeChargingLocation,@invalid
GUI_managedHomeChargingStartDateTime,@invalid
GUI_managedHomeChargingState,Off
GUI_managedHomeChargingVector,@invalid
GUI_manualLanguage,English
GUI_manualSpeedLimit,50.000
GUI_mapCenterLat,@invalid
GUI_mapCenterLon,@invalid
GUI_mapHeadingUp,@invalid
GUI_mapLightLeftRequest,None
GUI_mapLightRightRequest,None
GUI_mapMagnification,Medium
GUI_mapShowDestinationInfo,false
GUI_mapTrack,true
GUI_mapType,Satellite
GUI_mapUpdateAvailable,false
GUI_mapUpdateInProgress,false
GUI_mapZoom,15
GUI_maxRangeChargeCounter,0
GUI_maxRegenBrakingRequest,true
GUI_maxSpeedToReachDestination,@invalid
GUI_mediaCurrentStatus,HasCurrent
GUI_mediaDelayed,false
GUI_mediaNowPlayingSource,@invalid
GUI_mediaPlaybackStatus,Stopped
GUI_mediaPlayerStatus,@invalid
GUI_memorySeatRecallRequest,0
GUI_memorySeatSaveRequest,0
GUI_memorySeatStopRequest,false
GUI_menuSelectedRightWheelFunction,HVAC
GUI_mirrorFoldRequest,Idle
GUI_mobileAccessEnabled,true
GUI_motorMode,Normal
GUI_mppBias,25
GUI_muteAudioRequest,false
GUI_muteNavVolume,true
GUI_muteRadioRequest,true
GUI_navAudioVolume,1.000
GUI_navDestinationDBId,@invalid
GUI_navDestinationLocationName,@invalid
GUI_navLanguage,AmericanEnglish
GUI_navMapFileState,Idle
GUI_navMapsUpdated,false
GUI_navMountStatus,Succeeded
GUI_navVoiceLanguageRequested,19
GUI_navVoiceNameRequested,Lynn
GUI_navigationEngine,TeslaMaps
GUI_navigationMapDataMissing,false
GUI_navigationMapEverSuccessful,true
GUI_navigationMapWrongRegion,false
GUI_neverSleep,false
GUI_nextPredictedDrive,@invalid
GUI_nightModeMapType,Road
GUI_noSearchWarning,false
GUI_notOnPrivateProperty,false
GUI_nowPlayingAlbum,
GUI_nowPlayingArtist,
GUI_nowPlayingBuffer,100.000
GUI_nowPlayingDuration,0
GUI_nowPlayingElapsed,0
GUI_nowPlayingImageHash,
GUI_nowPlayingStation,No device connected
GUI_nowPlayingTitle,
GUI_optimizedRoutingThreshold,@invalid
GUI_overpaintedUltrasonicSensors,false
GUI_parkAssistChimeRequest,true
GUI_parkAssistMuteRequest,false
GUI_parkAssistOnRequest,true
GUI_parkBrakeRequest,false
GUI_parkBrakeTelltaleOverride,false
GUI_parrotFailed,@invalid
GUI_parrotResetRequest,false
GUI_passengerAirbagOffRequest,false
GUI_passengerPresent,false
GUI_passiveEntryEnabled,true
GUI_pausedDueToUIMode,false
GUI_pdmResetRequest,false
GUI_pedalMapRequest,Performance
GUI_pedalSafetyDisable,false
GUI_pedestrianWarningMuteRequest,false
GUI_performanceDemoMode,false
GUI_performanceDemoRequest,Max
GUI_phoneCallsChanged,1
GUI_phoneContactsChanged,@invalid
GUI_phoneContactsDisplayFormat,FirstNameFirst
GUI_phoneContactsEnabled,false
GUI_phoneContactsSortOption,LastName
GUI_phoneCountry,US
GUI_phoneSettingsChanged,4
GUI_phoneVolume,4.000
GUI_phonebookHashLastContactChange,
GUI_playAutosteerChimes,true
GUI_powerLimitRequest,31
GUI_powerOffRailsRequest,false
GUI_preferredZoomHighway,13.000
GUI_preferredZoomResidential,16.000
GUI_premiumNavigation,true
GUI_profilePositions,@invalid
GUI_rangeDisplay,Rated
GUI_rangeModeRequest,false
GUI_rearFogRequest,false
GUI_rearSeatPositionRequest,None
GUI_rearSeatsPopupClosed,false
GUI_rearSeatsUnlatchedWarning,false
GUI_rearTrunkRequest,None
GUI_rearWindowLockRequest,false
GUI_redLightStopSignOnRequest,false
GUI_regenChangedAlert,false
GUI_regulatorySpeedLimit,120.000
GUI_reloadMapOnConnectivity,true
GUI_reloadMapTileToggle,false
GUI_remainingWeightedRMSSpeed,@invalid
GUI_remoteAccPowerRequest,false
GUI_remoteHomelinkRequest,0
GUI_remoteMediaControlEnabled,true
GUI_remoteServiceAlert,@invalid
GUI_remoteServiceAlertCode,0x0
GUI_remoteSoftwareUpdateRequest,false
GUI_remoteStartRequest,false
GUI_rerouteAroundTraffic,true
GUI_rightSeatSwitchState,None
GUI_roadCheckDisable,false
GUI_romanceMode,false
GUI_savedRightWheelFunction,HVAC
GUI_schedulePreconditionCabinRequest,false
GUI_schedulePreconditionPackRequest,false
GUI_scheduleWakeupDateTimeRequest,Wed Dec 31 19:00:00 1969
GUI_scheduledApTrialGwUpdateDateTime,@invalid
GUI_scheduledApTrialOvernightTime,@invalid
GUI_scheduledChargePending,false
GUI_scheduledChargingStartDateTime,@invalid
GUI_scheduledChargingStartTime,@invalid
GUI_scheduledUpdateFailToStartReason,@invalid
GUI_screenCleaningMode,false
GUI_scrollWheelMode,0
GUI_scwVizDeadZone,450.000
GUI_scwVizLowPassFilterFactor,1.000
GUI_scwVizLowPassFilterResetThreshold,520.000
GUI_scwVizMedianFilterResetThreshold,520.000
GUI_scwVizMedianFilterSize,1
GUI_seatCoolingRequestLeft,0
GUI_seatCoolingRequestRight,0
GUI_seatHeaterRequest3rdRowLeft,0
GUI_seatHeaterRequest3rdRowRight,0
GUI_seatHeaterRequestCenterRear,0
GUI_seatHeaterRequestLeft,0
GUI_seatHeaterRequestLeftRear,0
GUI_seatHeaterRequestLeftRearBack,0
GUI_seatHeaterRequestRight,0
GUI_seatHeaterRequestRightRear,0
GUI_seatHeaterRequestRightRearBack,0
GUI_seatInstallRequest,false
GUI_secResetRequest,false
GUI_seeYouHomeLightingRequest,true
GUI_selfParkActivation,None
GUI_selfParkActive,false
GUI_selfParkAllowNarrowGarages,true
GUI_selfParkAllowed,true
GUI_selfParkDisabled,false
GUI_selfParkEnabled,true
GUI_selfParkHomelinkButton,0
GUI_selfParkPrivateOnly,false
GUI_selfParkRequest,None
GUI_selfParkStartRequest,false
GUI_selfParkState,Idle
GUI_selfParkTune,3
GUI_selfparkAutoHomelink,false
GUI_sendClipTelemetry,false
GUI_serviceMode,false
GUI_shouldRecommendHome,false
GUI_shouldRecommendWork,false
GUI_shouldShowPointOfNoReturn,true
GUI_shouldShowSecondPointOfNoReturn,true
GUI_showCalendarSetting,Always
GUI_showChademoChargers,false
GUI_showCluster,false
GUI_showCommuteAdvice,true
GUI_showCommuteAdviceWhenFasterRoute,true
GUI_showDestinationChargers,false
GUI_showFrameMeter,false
GUI_showMultipleLeadVehicles,false
GUI_showNoConnectivityMessaging,false
GUI_showRecentChargers,false
GUI_showSuperchargers,true
GUI_showTrafficIncidents,true
GUI_showroomMode,false
GUI_sideCollisionAvoidanceOnRequest,true
GUI_skin,default
GUI_slackerTier,Plus
GUI_sleepAtNight,true
GUI_sleepDelayRequest,3600
GUI_sleepStayOnline,true
GUI_sleepTestingRequest,false
GUI_smVoiceRecState,@invalid
GUI_smartPreconditionDailyFailureCount,0
GUI_smartPreconditionDailySuccessCount,0
GUI_smartPreconditionTotalFailureCount,0
GUI_smartPreconditionTotalSuccessCount,0
GUI_smartPreconditioningActive,false
GUI_smartPreconditioningEnabled,false
GUI_smartSeatSwitchDriverRequest,Lumbar
GUI_smartSeatSwitchPassengerRequest,Lumbar
GUI_smoothGPSUpdates,true
GUI_softwareInstallPopupStatus,None
GUI_softwareUpdateAvailable,false
GUI_softwareUpdateDuration,45
GUI_softwareUpdateGatewayInProgress,false
GUI_softwareUpdateInProgress,false
GUI_softwareUpdateInstallStartTime,@invalid
GUI_softwareUpdateLastAsk,@invalid
GUI_softwareUpdateProgram,General
GUI_softwareUpdateScheduled,false
GUI_softwareUpdateStatus,Failed
GUI_softwareUpdateStealthSchedule,@invalid
GUI_softwareUpdateTimeOfDay,08:30:00
GUI_softwareUpdateUndismissable,false
GUI_softwareUpdateVersion,
GUI_sortPlaceResultsByDistance,true
GUI_soundHornOnLock,false
GUI_source3D,ZFromPrediction
GUI_speedAssistLevel,Default
GUI_speedAssistSource,Default
GUI_speedLimitMode,false
GUI_speedLimitModePassword,@invalid
GUI_speedLimitModeRequest,false
GUI_speedLimitModeSoftWarning,false
GUI_speedLimitModeSurpassWarning,0
GUI_speedLimitModeUISpeed,85.000
GUI_speedLimitRequest,85.000
GUI_spoilerCalibrationRequest,@invalid
GUI_spoilerRequest,Auto
GUI_spotifyEnableOverride,false
GUI_steeringModeRequest,Standard
GUI_steeringWheelControlsMode,Normal
GUI_steeringWheelHeaterRequest,false
GUI_steeringWheelLightingRequest,false
GUI_stopAndGo,false
GUI_stopRailsAnd12VSupportRequest,false
GUI_summonEntryType,Straight
GUI_summonExitType,Straight
GUI_summonReverseDist,40
GUI_sunroofActionRequest,None
GUI_sunroofActionRequestForIC,0
GUI_sunroofOverrideRequest,false
GUI_sunroofOverrideRequestForIC,false
GUI_sunroofPositionRequest,0
GUI_sunroofPositionRequestForIC,0
GUI_sunroofSpeedAlert,false
GUI_superchargerIdleFees,@invalid
GUI_superchargerSessionFee,@invalid
GUI_superchargerSessionFeeCurrency,@invalid
GUI_superchargerSessionLocation,@invalid
GUI_superchargerSessionSecondsHigh,0
GUI_superchargerSessionSecondsLow,0
GUI_superchargerSessionStartTime,@invalid
GUI_suppressEarlyUpdatePopup,false
GUI_suppressSoftwareUpdatePopup,false
GUI_suspensionGeofenceActive,false
GUI_suspensionGeofenceNotification,false
GUI_suspensionLevelRequest,None
GUI_suspensionLoweringSpeed,45
GUI_suspensionVeryLowRequest,false
GUI_tDialogflow,false
GUI_tapAnimation,false
GUI_tdsMode,false
GUI_telemetryAgreementVersion,4
GUI_temperatureUnits,Fahrenheit
GUI_tempsInCluster,false
GUI_teslaLocation,None
GUI_testScheduledPrecondition,false
GUI_tileBranch,Live
GUI_tileQuality,Default
GUI_timeZoneId,America/New_York
GUI_timeZoneName,Eastern Standard Time
GUI_timeZoneOffset,-18000
GUI_tirePressureUnits,Psi
GUI_todaysEventsLastShown,Tue May 24 23:03:26 2016
GUI_torqueLimitRequest,63
GUI_touchDriverError,0
GUI_towModeRequest,None
GUI_tpmsAutoLearnRequest,false
GUI_tpmsWheelSizeRequest,21
GUI_trackMode,false
GUI_tractionControlModeRequest,Normal
GUI_trafficRoutingThreshold,5
GUI_trailerMode,false
GUI_transportMode,false
GUI_transportModeSleepTestRequest,false
GUI_trialCar,false
GUI_triggerCurrentDestNotificationPopup,@invalid
GUI_triggeredNearbyHomelinkName,@invalid
GUI_tripAName,Trip A
GUI_tripBName,Trip B
GUI_tripDisplayFlags,19
GUI_tripEnergyNotificationState,@invalid
GUI_tripPlanChargingTargetPercent,@invalid
GUI_trtId,@invalid
GUI_ulcBlindSpotConfig,Aggressive
GUI_ulcOffHighway,false
GUI_ulcSpeedConfig,Mild
GUI_ulcStalkConfirm,true
GUI_undertakeAssistEnable,false
GUI_unlockOnParkRequest,true
GUI_useBrowserCache,true
GUI_useNewMapview,false
GUI_userAdjustingBrightness,None
GUI_userChargeEnableRequest,@invalid
GUI_userTrafficAgreement,@invalid
GUI_utcOffset,-18000
GUI_valetMode,false
GUI_valetModeSpeedLimit,50
GUI_validationLoop,false
GUI_vehicleName,Dark Helmet
GUI_versionNumber,9.0
GUI_viewVideoMemoryMB,47.036
GUI_vinClipAssociation,false
GUI_visionSpeedConfig,Disabled
GUI_visionSpeedSlider,75
GUI_voiceRecContactsListChanged,0
GUI_voiceRecNLPActive,false
GUI_voiceRecNLPDomain,@invalid
GUI_voiceRecNLPSecondaryStatus,@invalid
GUI_voiceRecNLPStatus,@invalid
GUI_voiceRecProcessingErrorMsg,@invalid
GUI_voiceRecSpeechIntensity,0
GUI_voiceRecTesting,false
GUI_walkUpUnlockRequest,false
GUI_winchModeRequest,None
GUI_windowPositionRequestDriverFront,0
GUI_windowPositionRequestDriverRear,0
GUI_windowPositionRequestPassengerFront,0
GUI_windowPositionRequestPassengerRear,0
GUI_windowRequestDriverFront,None
GUI_windowRequestDriverRear,None
GUI_windowRequestPassengerFront,None
GUI_windowRequestPassengerRear,None
GUI_wiperHeatRequest,false
GUI_wiperServiceRequest,false
HOMELINK_mode,Normal
HOMELINK_state,HwError
HOMELINK_transmitCount,@invalid
HOMELINK_transmitTime,2
HVAC_aconStatus,@invalid
HVAC_driverTempStatus,@invalid
HVAC_fanStatus,@invalid
HVAC_insideTemp,@invalid
HVAC_intakeStatus,@invalid
HVAC_manualBlowerHotLimit,@invalid
HVAC_manualDefoggingLimit,@invalid
HVAC_manualModeHotLimit,@invalid
HVAC_manualRangeModeHotLimit,@invalid
HVAC_outsideTemp,@invalid
HVAC_outsideTempForIC,@invalid
HVAC_passengerTempStatus,@invalid
HVAC_powerState,@invalid
HVAC_rearFanStatus,@invalid
HVAC_ventStatus,@invalid
HVAC_windshieldTemp,@invalid
HZN_autosteerRestrictionChangeLocation,@invalid
HZN_currentBranchIsAutoparkEnabled,true
HZN_currentBranchIsAutosteerRestricted,true
HZN_currentBranchIsBidirectional,true
HZN_currentBranchIsControlledAccess,false
HZN_currentBranchIsPedalMisapplicationMitigationEnabled,false
HZN_currentBranchIsRadarOnlyBrakingTelemetryEnabled,false
HZN_currentBranchIsRamp,false
HZN_currentBranchIsSideCollisionAssistEnabled,false
HZN_currentBranchIsTunnel,false
HZN_currentBranchRoadClass,6
HZN_dasBranchTrigger,6
HZN_nextBranchDistanceInMeters,@invalid
HZN_nextBranchIsTunnel,false
HZN_nextBranchLocation,@invalid
HZN_nextBranchOffRampToLeft,@invalid
HZN_nextBranchOffRampToRight,@invalid
HZN_speedLimit,0
HZN_speedLimitUnits,Miles
ICMAP_3DMode,true
ICMAP_autoRefreshEnabled,false
ICMAP_autoZoomEnabled,false
ICMAP_centerGeoLocation,@invalid
ICMAP_current3DTiltAngle,@invalid
ICMAP_currentRotationAngle,@invalid
ICMAP_currentWidthMeters,@invalid
ICMAP_dayMode,false
ICMAP_mapInitialized,true
ICMAP_mapScreenHeight,0
ICMAP_mapScreenWidth,0
ICMAP_mapVisible,false
ICMAP_vehicleScreenCoord,@invalid
ICNAV_availableVoices,@invalid
ICNAV_genGGA,@invalid
ICNAV_genGpsBearing,@invalid
ICNAV_genGpsLatitude,@invalid
ICNAV_genGpsLongitude,@invalid
ICNAV_genGpsSpeedMph,@invalid
ICNAV_genRMC,@invalid
ICNAV_genVTG,@invalid
ICNAV_gpsHDOP,@invalid
ICNAV_gpsSatellitesInView,@invalid
ICNAV_mapRelease,@invalid
ICNAV_mapSupplier,@invalid
ICNAV_mapVersion,@invalid
ICNAV_naviKernelVersion,@invalid
ICNAV_rawGpsBearing,@invalid
ICNAV_rawGpsHDOP,@invalid
ICNAV_rawGpsLatitude,@invalid
ICNAV_rawGpsLongitude,@invalid
ICNAV_rawGpsSatellitesInView,@invalid
ICNAV_rawGpsSpeedMph,@invalid
ICNAV_rawGpsTime,@invalid
ICNAV_readyToRestart,false
IC_3DMode,true
IC_autoRefreshEnabled,false
IC_autoZoomEnabled,false
IC_clusterVersion,develop/2018.48.12.1 #50856 (399e961 on 2018-12-18) Built: 2018-12-19
IC_dayMode,false
IC_displayState,0
IC_energyPopOver,Hide
IC_firmwareMismatch,false
IC_mapInitialized,true
IC_mapScreenHeight,0
IC_mapScreenWidth,0
IC_mapStartupTime,-863161826
IC_mapVisible,false
IC_mcuHardwareIssue,false
IC_netStats,"-=12.796,-=0.026"
IC_readyForDrive,true
IC_readyToRestart,false
IC_selectedLeftSideWindow,DevReadouts
IC_selectedRightSideWindow,Energy
IC_speedAssistTickShowing,false
IC_viewVideoMemoryMB,20.614
IC_volumeControl,Media
LIGHT_brakeCenter,@invalid
LIGHT_brakeLeft,@invalid
LIGHT_brakeRight,@invalid
LIGHT_corneringLeft,@invalid
LIGHT_corneringRight,@invalid
LIGHT_curveLeft,@invalid
LIGHT_curveRight,@invalid
LIGHT_drlLeft,@invalid
LIGHT_drlParkLeft,@invalid
LIGHT_drlParkRight,@invalid
LIGHT_drlRight,@invalid
LIGHT_frontFogLeft,@invalid
LIGHT_frontFogRight,@invalid
LIGHT_headlightLeft,@invalid
LIGHT_headlightLevel,@invalid
LIGHT_headlightRight,@invalid
LIGHT_highBeamLeft,@invalid
LIGHT_highBeamRight,@invalid
LIGHT_lowBeamsOnlyForDRL,@invalid
LIGHT_mapLightLeft,@invalid
LIGHT_mapLightRight,@invalid
LIGHT_parkingLeft,@invalid
LIGHT_parkingRight,@invalid
LIGHT_rearFogLeft,@invalid
LIGHT_rearFogRight,@invalid
LIGHT_repeaterLeft,@invalid
LIGHT_repeaterRight,@invalid
LIGHT_reverse,@invalid
LIGHT_sideLeft,@invalid
LIGHT_sideMarkerLeft,@invalid
LIGHT_sideMarkerRight,@invalid
LIGHT_sideRight,@invalid
LIGHT_signatureLeft,@invalid
LIGHT_signatureRight,@invalid
LIGHT_tailLeft,@invalid
LIGHT_tailRight,@invalid
LIGHT_turnIndicatorLeft,@invalid
LIGHT_turnIndicatorLeftRear,@invalid
LIGHT_turnIndicatorRight,@invalid
LIGHT_turnIndicatorRightRear,@invalid
LINK_cellState,@invalid
LINK_linkState,PreferWifi
LINK_linkStateId,5
LINK_modemMIACount,0
LINK_modemVMCrashCount,0
LINK_wifiAutoConnect,true
LINK_wifiBars,4
LINK_wifiConnectionAttempts,1609
LINK_wifiConnectionStatus,Connected
LINK_wifiEnabled,true
LINK_wifiLastUpTimeEpoch,1549619980
LINK_wifiLocation,
LINK_wifiScannedNetworks,@invalid
LINK_wifiScannedNetworksUpdate,0
LINK_wifiScanning,false
LINK_wifiSignalStrength,122
LINK_wifiState,WifiUp
LINK_wifiTethered,false
LOC_DAS_mapLaneCount,@invalid
LOC_DAS_offRouteProbability,@invalid
LOC_DAS_visionLaneCount,@invalid
LOC_averageSpeed,0.000
LOC_enableSmoothGPSUpdates,true
LOC_estimatedGPSUpdateInterval,250
LOC_estimatedGPSValid,true
LOC_estimatedGeoTimestamp,53316724.000
LOC_estimatedHdg,3.287
LOC_estimatedHdgNative,1.667
LOC_estimatedNativeSupported,1
LOC_estimatedNativeType,wgs
LOC_geoAccuracy,0.370
LOC_geoElv,248.800
LOC_geoFixType,2
LOC_geoFusionComponentStatus,9999
LOC_geoFusionMode,Unknown
LOC_geoHDOP,0.820
LOC_geoHdg,3.270
LOC_geoPDOP,1.540
LOC_geoSatellitesInUse,12
LOC_geoSatellitesInView,13
LOC_geoSpd,0.000
LOC_geoTimestamp,1549640136
LOC_geoTimestampTrigger,1549640136
LOC_geoUbxAccuracy,0.370
LOC_geoUbxDRUsed,false
LOC_geoUbxNavStat,RK
LOC_geoVDOP,1.300
LOC_geoValidFix,true
LOC_geoWheelTickCountToGPS,-1
LOC_geoWheelTickDirGPS,unknown
LOC_gpsAntenna,Normal
LOC_gpsDeviceType,UBlox
LOC_inrixTrafficPlaybackFile,@invalid
LOC_looping,false
LOC_nmeaMIA,false
LOC_nmeaPlaybackFinished,0
LOC_playbackBatteryCurrent,nan
LOC_playbackBatteryLevel,-0.000
LOC_playbackBatteryVoltage,6366649125509156810966565139485600095447622882391261443932782555816236457752247703834074617491212225947192769035605992038978712872649550625629033771175562473929018890876469321909355805550849863184814356796012082562520994359732734102005421803354597806875012993590083346559258805181740616136669338538367516672.000
LOC_playbackDAS_autopilotState,@invalid
LOC_playbackDAS_cruiseCutInVehicleDistance,@invalid
LOC_playbackDAS_cruiseCutInVehicleID,@invalid
LOC_playbackDAS_cruiseCutInVehicleLatPosition,@invalid
LOC_playbackDAS_cruiseCutInVehicleRelVelocity,@invalid
LOC_playbackDAS_cruiseCutInVehicleType,@invalid
LOC_playbackDAS_cruiseHold,@invalid
LOC_playbackDAS_cruiseLeadVehicle2Distance,@invalid
LOC_playbackDAS_cruiseLeadVehicle2ID,@invalid
LOC_playbackDAS_cruiseLeadVehicle2LatPosition,@invalid
LOC_playbackDAS_cruiseLeadVehicle2RelVelocity,@invalid
LOC_playbackDAS_cruiseLeadVehicle2Type,@invalid
LOC_playbackDAS_cruiseLeadVehicleDistance,@invalid
LOC_playbackDAS_cruiseLeadVehicleID,@invalid
LOC_playbackDAS_cruiseLeadVehicleLatPosition,@invalid
LOC_playbackDAS_cruiseLeadVehicleRelVelocity,@invalid
LOC_playbackDAS_cruiseLeadVehicleType,@invalid
LOC_playbackDAS_cruiseLeftVehicle2Distance,@invalid
LOC_playbackDAS_cruiseLeftVehicle2ID,@invalid
LOC_playbackDAS_cruiseLeftVehicle2LatPosition,@invalid
LOC_playbackDAS_cruiseLeftVehicle2RelVelocity,@invalid
LOC_playbackDAS_cruiseLeftVehicle2Type,@invalid
LOC_playbackDAS_cruiseLeftVehicleDistance,@invalid
LOC_playbackDAS_cruiseLeftVehicleID,@invalid
LOC_playbackDAS_cruiseLeftVehicleLatPosition,@invalid
LOC_playbackDAS_cruiseLeftVehicleRelVelocity,@invalid
LOC_playbackDAS_cruiseLeftVehicleType,@invalid
LOC_playbackDAS_cruiseRightVehicle2Distance,@invalid
LOC_playbackDAS_cruiseRightVehicle2ID,@invalid
LOC_playbackDAS_cruiseRightVehicle2LatPosition,@invalid
LOC_playbackDAS_cruiseRightVehicle2RelVelocity,@invalid
LOC_playbackDAS_cruiseRightVehicle2Type,@invalid
LOC_playbackDAS_cruiseRightVehicleDistance,@invalid
LOC_playbackDAS_cruiseRightVehicleID,@invalid
LOC_playbackDAS_cruiseRightVehicleLatPosition,@invalid
LOC_playbackDAS_cruiseRightVehicleRelVelocity,@invalid
LOC_playbackDAS_cruiseRightVehicleType,@invalid
LOC_playbackDAS_playbackDataUpdated,@invalid
LOC_playbackDAS_sideCollisionAvoid,@invalid
LOC_playbackDAS_sideCollisionWarning,@invalid
LOC_playbackDAS_virtualLaneC0,0.000
LOC_playbackDAS_virtualLaneC1,0.000
LOC_playbackDAS_virtualLaneC2,0.000
LOC_playbackDAS_virtualLaneC3,0.000
LOC_playbackDAS_virtualLaneViewRange,0.000
LOC_playbackDAS_virtualLaneWidth,0.000
LOC_playbackDataUpdated,@invalid
LOC_playbackEnergyBuffer,5234909908943903397642263565549551376550228763420074740607955300130418904464626841525839931586744393003436881411354198081666737519388081404816477880020099630917504359125455988588544.000
LOC_playbackFile,@invalid
LOC_playbackGPS_vehicleSpeed,@invalid
LOC_playbackGPS_yawRate,@invalid
LOC_playbackIdealEnergyRemaining,0.000
LOC_playbackInsideTemp,-0.000
LOC_playbackMaxSpeedToReachDestination,0.000
LOC_playbackNominalEnergyRemaining,6871046762072886554063187153738386850158601108085160315121438910135410813685163846203331275482407844644265296283027507717257925476477811250270567955440615823371863365824810976389886944882731007492498116345499335688270291855278750800154794848681984.000
LOC_playbackNominalFullPackEnergyRemaining,-0.000
LOC_playbackOdometer,0.000
LOC_playbackOutsideTemp,0.000
LOC_playbackRate,1.000
LOC_playbackRemainingWeightedRMSSpeed,74564734531874240179020958570126645703880441985742102735624237128273741270765148770920667573959316166791017568148152864920009085646441427648494766023120950854247784762514747425857227904476897620281424836148656793477017942135323626969096195443523584.000
LOC_playbackSpeed,@invalid
LOC_playbackSteeringAngle,@invalid
LOC_playbackTorqueCmd,-0.000
LOC_playbackVAPI_vehicleDirection,@invalid
LOC_playbackYawRate,@invalid
LOC_recordingMode,NormalGpsMode
LOC_recordingPosMillis,@invalid
LOC_recordingToFile,@invalid
LOC_solarAngleDayMode,true
LOC_solarAzimuthAngle,142.000
LOC_solarAzimuthAngleCarRef,139.000
LOC_solarElevationAngle,27.000
LOC_spdUsedForEst,0.000
LocationManagerDataStorage,@invalid
MEDIA2_bufferProgress,0.000
MEDIA2_downloadedBytes,@invalid
MEDIA2_elapsedTime,@invalid
MEDIA2_nowPlayingTitle,@invalid
MEDIA2_playingCustomMedia,false
MEDIA2_serverState,NoMedia, NoError
MEDIA2_streamBitRate,@invalid
MEDIA2_streamCached,false
MEDIA2_totalBytes,@invalid
MEDIA_casseteTapeOn,false
MEDIA_lastBrowsingSourceType,8
MEDIA_lastPlayingSourceType,8
MEDIA_lastSlackerLogin,Wed Feb 6 09:27:38 2019
MEDIA_radioEUFavoriteImportComplete,false
MEDIA_radioEnabled,true
MEDIA_rdioAACQuality,64kbsAAC
MEDIA_rdioLastSearch,@invalid
MEDIA_rdioMP3Quality,96kbsMP3
MEDIA_rdioPassword,
MEDIA_rdioQuality,LowQuality
MEDIA_rdioServiceLevel,Basic
MEDIA_rdioSpeed,96kbs
MEDIA_rdioTeslaPassword,
MEDIA_rdioTeslaUsername,
MEDIA_rdioUsername,
MEDIA_repeatType,List
MEDIA_shuffle,false
MEDIA_simACCRailAvailable,false
MEDIA_simAudioReady,false
MEDIA_simDSPAvailable,false
MEDIA_simDisplayOn,false
MEDIA_simHarmanRadioAvailable,false
MEDIA_simInPhoneCall,false
MEDIA_simInternetAvailable,false
MEDIA_simMediaServerAvailable,false
MEDIA_simParrotAvailable,false
MEDIA_simRadioAvailable,false
MEDIA_simSpotifyServerAvailable,false
MEDIA_simUpdateInProgress,false
MEDIA_slackerBlockExplicitContent,false
MEDIA_slackerPlayDJCuts,false
MEDIA_slackerSpeed,128kbs
MEDIA_spotifyCredentialsBlob,
MEDIA_spotifyLastSearch,
MEDIA_spotifyTCAccepted,true
MEDIA_spotifyToken,
MEDIA_spotifyTokenExpirationUTCSecs,0x0
MEDIA_teslaLoggedIn,false
MEDIA_teslaPassword,@invalid
MEDIA_teslaUsername,@invalid
MEDIA_tuneInLoggedIn,false
MEDIA_tuneInPassword,@invalid
MEDIA_tuneInUsername,@invalid
MIA_das,false
MIA_eas,false
MIA_epb,false
MIA_esp,false
MIA_ibst,false
MIA_ocs,false
MIA_park,false
MIA_rcm,false
MIA_tpms,false
NAV_activeRouteId,0
NAV_activeRouteLastUpdated,09:59:21
NAV_activeRouteStatus,Inactive
NAV_audioLastDataReady,@invalid
NAV_audioLastPlayDurationMSecs,0
NAV_audioLastPlayStarted,@invalid
NAV_audioPlaying,@invalid
NAV_audioSuppressed,false
NAV_combinedTurnId,@invalid
NAV_currentConditionalSpeedLimit,@invalid
NAV_currentConditionalSpeedLimitDependency,NotApplicable
NAV_currentImplicitSpeedLimit,@invalid
NAV_currentRoadClass,6
NAV_currentRoadIsUrban,@invalid
NAV_currentRouteLineSegmentIndex,@invalid
NAV_currentRouteLineSegmentOffsetMeters,@invalid
NAV_currentSpeedLimit,0
NAV_currentSpeedLimitNavigonUnits,Miles
NAV_currentSpeedLimitType,Regular
NAV_destinationCity,@invalid
NAV_destinationCountry,@invalid
NAV_destinationGeoLocation,@invalid
NAV_destinationHouseNumber,@invalid
NAV_destinationState,@invalid
NAV_destinationStreetName,@invalid
NAV_googlePolyline,@invalid
NAV_gpsRecordingFile,@invalid
NAV_laneInformation,[{}]
NAV_lastTripSegmentDistanceMiles,@invalid
NAV_lastTripSegmentEnd,@invalid
NAV_lastTripSegmentFailureReason,NoFailure
NAV_lastTripSegmentId,-1
NAV_lastTripSegmentMinutes,@invalid
NAV_lastTripSegmentRouteFlags,ComputeEnergy
NAV_lastTripSegmentStart,@invalid
NAV_lastTripSegmentStatus,Inactive
NAV_lastTripSegmentTrigger,0
NAV_lastTripSlowRouteCalc,false
NAV_milesToArrival,@invalid
NAV_milesToNextTurn,@invalid
NAV_milesToTrafficIncident,@invalid
NAV_minimumTrafficRerouteImprovementMinutes,5
NAV_minutesToArrival,@invalid
NAV_minutesToNextTurn,@invalid
NAV_multistopRouteId,-1
NAV_nextTurnAdvice,@invalid
NAV_nextTurnAngle,@invalid
NAV_nextTurnDirection,@invalid
NAV_nextTurnId,@invalid
NAV_nextTurnLat,@invalid
NAV_nextTurnLng,@invalid
NAV_nextTurnStreetName,@invalid
NAV_numberOfClosuresAvoided,0
NAV_numberOfClosuresOnRoute,0
NAV_numberOfClosuresTotal,0
NAV_numberOfTrafficIncidentsAvoided,0
NAV_numberOfTrafficIncidentsNearby,0
NAV_numberOfTrafficIncidentsOnRoute,0
NAV_numberOfTrafficIncidentsTotal,0
NAV_onlineRouteLastUpdated,@invalid
NAV_originGeoLocation,@invalid
NAV_predictedDestGeoLocation,@invalid
NAV_predictedDestName,@invalid
NAV_predictedMinimumDifferenceMinutes,5.000
NAV_predictedNormalRouteTotalMiles,-1.000
NAV_predictedNormalRouteTotalTime,@invalid
NAV_predictedOptimizedRouteTotalMiles,-1.000
NAV_predictedOptimizedRouteTotalTime,@invalid
NAV_predictedRouteMinutesDifference,0.000
NAV_predictedRouteStatus,@invalid
NAV_realityViewIsHires,@invalid
NAV_realityViewRouteId,@invalid
NAV_realityViewTurnId,@invalid
NAV_realityViewUpdateId,@invalid
NAV_realityViewVisible,@invalid
NAV_reroutingStatus,Inactive
NAV_routeAvgSpeed,19.000
NAV_routeElevation,250.000
NAV_routeIsComplete,false
NAV_routeSlope,@invalid
NAV_routeSpeedClass,@invalid
NAV_routingOptionFerries,Allow
NAV_routingOptionHOV,Avoid
NAV_routingOptionHighways,NotImplemented
NAV_routingOptionTollRoads,Allow
NAV_routingResultCode,0
NAV_routingResultType,SuccessResultCode
NAV_streetSegmentNkBranchId,@invalid
NAV_trafficDataEnabled,true
NAV_trafficIncidentAlternativeStreetName,@invalid
NAV_trafficIncidentBoundingBoxCenter,@invalid
NAV_trafficIncidentDescription,@invalid
NAV_trafficIncidentId,0
NAV_trafficIncidentIdMax,0
NAV_trafficIncidentStreetNameOrHighway,@invalid
NAV_trafficIncidentsAvoidedText,@invalid
NAV_trafficIncidentsOnRouteText,@invalid
NAV_trafficMinutesDelay,0.000
NAV_trafficPreviousRouteTotalDistance,@invalid
NAV_trafficPreviousRouteTotalTime,@invalid
NAV_trafficRerouteLastUpdated,@invalid
NAV_trafficRerouteLineLastUpdated,@invalid
NAV_trafficRerouteMinutesDifference,@invalid
NAV_trafficRerouteStatus,Inactive
NAV_trafficRerouteTotalDistance,@invalid
NAV_trafficRerouteTotalTime,@invalid
NAV_trafficReroutingEnabled,true
NAV_trafficStatsTrigger,0
NAV_trafficTriggerIncidentId,0
NAV_tripSegmentSummaryCalculationEndTime,@invalid
NAV_tripSegmentSummaryCalculationStartTime,@invalid
NAV_tripSegmentSummaryCompletionReason,@invalid
NAV_tripSegmentSummaryConnectedStart,@invalid
NAV_tripSegmentSummaryDistanceMiles,@invalid
NAV_tripSegmentSummaryDurationSecsInDrive,0.000
NAV_tripSegmentSummaryMinutes,@invalid
NAV_tripSegmentSummaryNavServiceResponseTimesMsec,@invalid
NAV_tripSegmentSummaryNavServiceRoutes,0
NAV_tripSegmentSummaryNavServiceRoutesFailed,0
NAV_tripSegmentSummaryNavigationServiceMode,Disabled
NAV_tripSegmentSummaryOfflineRouteTimestamps,@invalid
NAV_tripSegmentSummaryOfflineRoutes,0
NAV_tripSegmentSummaryOfflineRoutesMidTrip,0
NAV_tripSegmentSummaryOffrouteReroutes,0
NAV_tripSegmentSummaryOffrouteReroutesMidTrip,0
NAV_tripSegmentSummaryOnlineRequestErrors,@invalid
NAV_tripSegmentSummaryOnlineRouteTimestamps,@invalid
NAV_tripSegmentSummaryOnlineRoutes,0
NAV_tripSegmentSummaryOnlineRoutesMidTrip,0
NAV_tripSegmentSummaryRerouteTimestamps,@invalid
NAV_tripSegmentSummaryStartTime,@invalid
NAV_tripSegmentSummaryTrafficReroutes,0
NAV_tripSegmentSummaryTrafficReroutesMidTrip,0
NAV_tripSegmentSummaryTrigger,0
NAV_ttsLanguage,@invalid
NAV_ttsSpeakerName,@invalid
NAV_units,Miles
NAV_vehicleBearing,0.000
NAV_vehicleCountry,USA
NAV_vehicleDistrict,@invalid
NAV_vehicleOnMap,true
NAV_vehicleSpeedMph,0.000
NAV_vehicleState,KY
NAV_vehicleStreetName,Wicket Ct
NAV_verifyAddressLastStarted,@invalid
NAV_verifyAddressStatus,@invalid
OPTION_dataPlan,Full
PARROT_currentAlbum,
PARROT_currentArtist,
PARROT_currentArtwork,
PARROT_currentComposer,
PARROT_currentDuration,0
PARROT_currentGenre,
PARROT_currentPosition,0
PARROT_currentTitle,
PARROT_currentTrackNumber,
PARROT_desiredAudioSource,Bluetooth
PARROT_factoryResetCount,false
PARROT_flashCount,4
PARROT_loopbackAudioActive,false
PARROT_loopbackGoal,Disable
PARROT_loopbackState,Stopped
PARROT_microphoneMuted,false
PARROT_phoneRxAudioGain,0
PARROT_phoneTxAudioGain,8
PARROT_playerActivity,Stop
PARROT_playerState,Connected
PARROT_powerState,Ready
PARROT_reflashed,@invalid
PARROT_selectedAudioSource,LineIn
PARROT_version,"'03.71.00 Tesla',0,'Mar 07 2016','15:24:35',6299bdad"
PHONEDATA_callsChanged,0
PHONEDATA_callsCount,0
PHONEDATA_contactImagesAvailable,0
PHONEDATA_contactsChanged,0
PHONEDATA_contactsCount,0
PHONEDATA_numCallsLoaded,0
PHONEDATA_numContactsLoaded,0
PHONE_currentCalls,[  ]
PMS_debugAt100Hz,false
PMS_debugEnable,false
PM_debugAt100Hz,false
PM_debugEnable,false
POWER_centerDisplayState,@invalid
POWER_cidWatchdogReset,false
POWER_driverDisplayState,@invalid
POWER_dspState,1
POWER_fpgaState,1
POWER_gwState,577
POWER_helperRan,false
POWER_managerState,Gateway_WaitActive
POWER_parrotState,577
POWER_sleepAtNight,true
POWER_sleepStayOnline,true
POWER_touchRequest,1
POWER_touchState,816
POWER_usb5vProblem,false
POWER_usbRequest,1
POWER_wakeupProblem,false
PhoneSettingsDataStorage,@invalid
RADIO_AMFMSignalStrength,2
RADIO_TextAlbum,
RADIO_TextArtist,Stone Temple Pilots
RADIO_TextComment,@invalid
RADIO_TextCommercial,@invalid
RADIO_TextDABEnsembleName,
RADIO_TextEUFMStationList,@invalid
RADIO_TextGenre,@invalid
RADIO_TextProgramServiceName,Stone
RADIO_TextProgramText,
RADIO_TextProgramTypeName,@invalid
RADIO_TextProgramTypeNameSearch,@invalid
RADIO_TextStationName,WEBN-FM
RADIO_TextTitle,Plush
RADIO_TextXMArtist,@invalid
RADIO_TextXMCategory,@invalid
RADIO_TextXMCategorySearch,@invalid
RADIO_TextXMChannelMap,@invalid
RADIO_TextXMChannelName,@invalid
RADIO_TextXMRadioIDCode,B8GVJ3R6
RADIO_TextXMTitle,@invalid
RADIO_TextiTunesTag,@invalid
RADIO_XMAdvisory,@invalid
RADIO_XMSignalStrength,@invalid
RADIO_XMStatus,@invalid
RADIO_alertBatteryVoltageTooHigh,false
RADIO_alertDABAntennaNotConnected,false
RADIO_alertMainAntennaNotConnected,false
RADIO_alertMainAntennaShort,false
RADIO_alertSubAntennaNotConnected,false
RADIO_alertSubAntennaShort,false
RADIO_alertXMAntennaNotConnected,false
RADIO_amFrequency,520.000
RADIO_amReceiverFrequency,520.000
RADIO_antennaMainSignalQuality,@invalid
RADIO_antennaMainSignalStrength,@invalid
RADIO_antennaSubSignalQuality,@invalid
RADIO_antennaSubSignalStrength,@invalid
RADIO_band,FM
RADIO_dabAF,@invalid
RADIO_dabChannelCode,
RADIO_dabChannelIndex,0
RADIO_dabComponentId,0
RADIO_dabDLSTextUpdated,false
RADIO_dabEnsembleId,0
RADIO_dabFatalError,false
RADIO_dabLinking,false
RADIO_dabPTY,0
RADIO_dabReceiverChannelIndex,0
RADIO_dabReceiverComponentId,0
RADIO_dabReceiverEnsembleId,0
RADIO_dabReceiverServiceId,0
RADIO_dabServiceId,0
RADIO_dabServiceListComplete,false
RADIO_dabServiceListDebug,@invalid
RADIO_dabSignalStrength,@invalid
RADIO_dabTP,@invalid
RADIO_enableAntennaDiag,false
RADIO_errors,@invalid
RADIO_fmAF,false
RADIO_fmChannelListUpdated,false
RADIO_fmFrequency,102.700
RADIO_fmLinking,@invalid
RADIO_fmMulticast,0
RADIO_fmPID,0
RADIO_fmPIDUpdateIndicator,true
RADIO_fmPTYGroup,0
RADIO_fmREG,false
RADIO_fmReceiverFrequency,102.700
RADIO_fmReceiverMulticast,0
RADIO_fmReceiverPID,8031
RADIO_fmStationListDebug,@invalid
RADIO_fmTA,false
RADIO_fmTP,false
RADIO_fmTextUpdated,false
RADIO_hdMode,On
RADIO_heartbeat,@invalid
RADIO_iTunesTagAvailable,true
RADIO_inScanMode,false
RADIO_initializing,false
RADIO_isBusySearching,false
RADIO_isHD,true
RADIO_isHDAudioAcquired,true
RADIO_isMulticast,true
RADIO_isMuted,@invalid
RADIO_isReady,false
RADIO_isStereo,true
RADIO_numberOfMulticastAvailable,3
RADIO_presetDebug,@invalid
RADIO_programType,Rock
RADIO_receiverBand,FM
RADIO_status,Normal Reception
RADIO_statusCode,NormalReception
RADIO_trafficAF,@invalid
RADIO_trafficFatalError,@invalid
RADIO_trafficInterrupt,false
RADIO_trafficInterruptDebug,false
RADIO_trafficLinking,@invalid
RADIO_trafficRDS,@invalid
RADIO_trafficREG,@invalid
RADIO_trafficTA,@invalid
RADIO_trafficTP,@invalid
RADIO_versionAPL,55
RADIO_versionBOT,23
RADIO_versionDAB,0
RADIO_versionDSP,90
RADIO_versionDSPData,41278
RADIO_versionHW,12
RADIO_versionPOS,0
RADIO_versionRegion,0
RADIO_xmActivated,false
RADIO_xmCategoryList,
RADIO_xmChannel,1
RADIO_xmChannelListUpdated,false
RADIO_xmSat1Quality1,@invalid
RADIO_xmSat1Quality2,@invalid
RADIO_xmSat2Quality1,@invalid
RADIO_xmSat2Quality2,@invalid
RADIO_xmStationId,1
RADIO_xmStationList,@invalid
SCHEDULE_chargingStatus,false
SCHEDULE_completeChargeFlag,false
SCHEDULE_preconditionCabinFlag,true
SCHEDULE_preconditionCabinStatus,false
SCHEDULE_preconditionPackStatus,false
SCHEDULE_readyFlag,false
SCHEDULE_readyHour,@invalid
SCHEDULE_readyMinute,@invalid
SPEECH_spokenText,@invalid
SPEECH_voiceRecGUIState,Inactive
SPOTIFY_cacheHits,0xc5
SPOTIFY_cacheMisses,0x1
SPOTIFY_serverIsUp,Fri Feb 8 01:59:22 2019
STW_cruiseDist,@invalid
STW_highbeamStalk,@invalid
STW_leftBottom,@invalid
STW_leftMiddle,@invalid
STW_leftScroll,@invalid
STW_leftTop,@invalid
STW_rightBottom,@invalid
STW_rightMiddle,@invalid
STW_rightScroll,@invalid
STW_rightTop,@invalid
SUN_isCalibrating,@invalid
SUN_isClosed,@invalid
SUN_isColumnMoving,@invalid
SUN_isMoving,@invalid
SUN_isOpen,@invalid
SUN_isVent,@invalid
SUN_percentOpen,0
SYS_CDDummy,false
SYS_CD_CPU_Pct,9
SYS_CD_Memory,766377984
SYS_CD_MemoryString,730m
SYS_CD_QtCarProcesses,"QtCar=28%,367m; Vehicle=14%,38m; EVLogServi=5%,23m; NetManager=5%,22m; GpsManager=5%,39m; TMServer=5%,31m; Parrot=5%,31m; Server=0%,56m; SpeechReco=0%,28m; Audiod=0%,22m;"
SYS_CD_VideoCarveOutMB,0
SYS_CD_VideoCarveOutPct,0
SYS_CD_VideoLargestCarveOutFB,0
SYS_CD_freeDiskSpace,/var:66M; /var:66M; /home:2.3G;
SYS_ICDummy,true
SYS_IC_CPU_Pct,7
SYS_IC_Memory,143888384
SYS_IC_MemoryString,137m
SYS_IC_QtCarProcesses,"Cluster=9%,87m; Startup=0%,9.2m;"
SYS_IC_VideoCarveOutMB,39
SYS_IC_VideoCarveOutPct,16
SYS_IC_VideoLargestCarveOutFB,213975040
SYS_IC_freeDiskSpace,/var:80M; /home:1.3G;
SYS_IC_linuxVersion,2.6.36.2-pdk19.0068-Tesla-core-2016.1#see_/etc/commit
SavedNotificationEvents,De2+7wAAAAEAAAAA
TAS_FLCompCurrentCommand,0.700
TAS_FLRebCurrentCommand,0.700
TAS_FRCompCurrentCommand,0.700
TAS_FRRebCurrentCommand,0.700
TAS_RLCompCurrentCommand,0.700
TAS_RLRebCurrentCommand,0.700
TAS_RRCompCurrentCommand,0.700
TAS_RRRebCurrentCommand,0.700
TAS_damperControlOverride,false
TAS_damperCurrentOverride,false
TAS_damperModeOverride,false
TEL_dasTelemetryBlocked,false
TEL_deviceIdExpireTime,0x5c620f1a
TEL_telemetryBlocked,false
TEL_yubikeySerial,
TMHZN_currentBranchAutopilotFlags,3
TMHZN_currentBranchIsBidirectional,true
TMHZN_currentBranchIsControlledAccess,false
TMHZN_currentBranchIsRamp,false
TMHZN_currentBranchRoadClass,6
TMHZN_dasBranchTrigger,1
TMHZN_localizerResponse,552546767594
TMHZN_speedLimit,0
TMHZN_speedLimitUnits,Miles
TM_invalidMapDataOverride,false
TM_mapOverrideFileInfo,"{data_format_version:1.0,datetime:UTC 2019-01-15 20:21:57.981751,jobid:,map_version:NA-180906-1605,prod_signed:false,transform_valhalla_version:develop/2019.4-0-gc454a71f}"
TM_mapOverrideStatus,Ok
TM_mapRelease,NA-180906-1605
TM_mapTags,
TM_startupTime,-863228545
TPMS_hardWarning,@invalid
TPMS_hardWarnings,@invalid
TPMS_learnFinished,@invalid
TPMS_learnState,@invalid
TPMS_lowPressureWarning,@invalid
TPMS_newSensorLearned,@invalid
TPMS_overPressureWarning,@invalid
TPMS_pressureFL,@invalid
TPMS_pressureFR,@invalid
TPMS_pressureRL,@invalid
TPMS_pressureRR,@invalid
TPMS_softWarnings,@invalid
TPMS_systemFault,@invalid
TPMS_tireTemperatureWarning,@invalid
VAPI_12VBatteryCurrent,-1796.000
VAPI_12VBatteryTemp,-2.000
VAPI_12VBatteryVoltage,12.521
VAPI_BCVersion,20.3.0
VAPI_BC_HWRev,32
VAPI_BatteryHeater_W,0.000
VAPI_BuckleStatus2C,@invalid
VAPI_BuckleStatus2L,@invalid
VAPI_BuckleStatus2R,@invalid
VAPI_BuckleStatus3L,@invalid
VAPI_BuckleStatus3R,@invalid
VAPI_CC_avgStartupTemp,15.700
VAPI_CC_contactorCycles,632
VAPI_CC_contactorCyclesLoaded,3
VAPI_CC_currentLimit,48
VAPI_CC_faultCount,25
VAPI_CC_gridGrounding,@invalid
VAPI_CC_i2t,1389102.321
VAPI_CC_thermalFoldbacks,0
VAPI_CHGPH_hwid,84279296
VAPI_CHGVI_hwid,50397184
VAPI_CMP_Version,0.2.11
VAPI_CabinBlower_W,0.000
VAPI_CabinHeater_W,@invalid
VAPI_CompressorHVAC_W,0.000
VAPI_CompressorPT_W,0.000
VAPI_CompressorType,Halla1
VAPI_CondenserFansHVAC_W,0.000
VAPI_CondenserFansPT_W,0.000
VAPI_DCDCEnabled,@invalid
VAPI_DDMVersion,16.2.0
VAPI_DDM_HWRev,14
VAPI_DIAssemblyId,@invalid
VAPI_EASVersion,E0037
VAPI_ECallBackupBatteryVoltage,@invalid
VAPI_ECallMicrophoneBiasVoltage,@invalid
VAPI_ECallTelitGpsAntennaVoltage,@invalid
VAPI_ECallnLockGPIO,@invalid
VAPI_EPASVersion,HAAHAANAAKAA
VAPI_EPBLHwBrakeTypeMismatch,@invalid
VAPI_EPBRHwBrakeTypeMismatch,@invalid
VAPI_ESPVersion,09050100
VAPI_FC_appHash,0
VAPI_FC_appTriple,4.4.13
VAPI_FC_bootHash,9e986c2006d100
VAPI_FC_crc,b771c171
VAPI_FC_hwid,2-1-0
VAPI_FC_hwrev,0
VAPI_FC_pn,EVWTS80HL
VAPI_FC_serial,@invalid
VAPI_FreeSlaveCharger,false
VAPI_GTWVersion,399e961f4bca5e
VAPI_GTW_HWRev,6
VAPI_GTW_boardRevision,6
VAPI_HVJB16APerPhaseOK,true
VAPI_LFTVersion,5.3.0
VAPI_LFT_HWRev,3
VAPI_MSMVersionMajor,7
VAPI_MSMVersionMinor,0
VAPI_PCS_assemblyId,@invalid
VAPI_PCS_pcbaId,@invalid
VAPI_PCS_usageId,@invalid
VAPI_PDMVersion,16.2.0
VAPI_PDM_HWRev,14
VAPI_PT12V_W,22.000
VAPI_PTCVersion,10
VAPI_PTPumps_W,0.000
VAPI_ParkAssistVersion,16.33.50
VAPI_RCCMRegion,10
VAPI_RCCMVersion,71
VAPI_SECVersion,23.4.0
VAPI_SEC_HWRev,32
VAPI_SUNVersion,7.1.0
VAPI_SUN_HWRev,3
VAPI_TwelveVBatteryType,CnD
VAPI_TwelveVolt_W,55.563
VAPI_accPowerRequest,false
VAPI_accRailOn,false
VAPI_activeAlerts,AAAAAXkdiTg=
VAPI_activeDTCs,@invalid
VAPI_activeHighBeam,@invalid
VAPI_activeKeyfob,@invalid
VAPI_airFilterType,Paper
VAPI_airSuspension,Standard
VAPI_airbagState,@invalid
VAPI_alarmStatus,@invalid
VAPI_analogSpeed,@invalid
VAPI_apeAlert,@invalid
VAPI_apeApHash,@invalid
VAPI_apeBoardCreds,@invalid
VAPI_apeBootChain,@invalid
VAPI_apeBootFuse,@invalid
VAPI_apeCrtCommonName,@invalid
VAPI_apeFwHash,@invalid
VAPI_apeOdmFuse,@invalid
VAPI_apeTokenExists,@invalid
VAPI_audioType,Premium
VAPI_autoLaneChangeAbort,@invalid
VAPI_autoLaneChangeUnavailable,@invalid
VAPI_autopilot,Highway
VAPI_autopilotAngleSaturated,@invalid
VAPI_autopilotTrial,false
VAPI_auxHvacType,None
VAPI_availableFastChargeCurrent,255.000
VAPI_availableLineCurrent,@invalid
VAPI_availableLineCurrentMaster,@invalid
VAPI_availableLineCurrentSlave,@invalid
VAPI_backupCameraCalibrated,@invalid
VAPI_backupCameraCalibrationPitch,@invalid
VAPI_backupCameraCalibrationProgress,@invalid
VAPI_backupCameraCalibrationYaw,@invalid
VAPI_backupCameraLUX,@invalid
VAPI_batteryCurrent,@invalid
VAPI_batteryFault,false
VAPI_batteryHeaterPct,@invalid
VAPI_batteryHeaterTemp,@invalid
VAPI_batteryInletTemp,@invalid
VAPI_batteryLevel,70.573
VAPI_batteryOutletTemp,@invalid
VAPI_batteryPump1Pct,@invalid
VAPI_batteryPump2Pct,@invalid
VAPI_batteryTempMax,@invalid
VAPI_batteryTempMin,@invalid
VAPI_batteryTempPercent,@invalid
VAPI_batteryVoltage,@invalid
VAPI_bmsInletActiveCoolTargetT,@invalid
VAPI_bmsInletActiveHeatTargetT,@invalid
VAPI_bmsInletPassiveTargetT,@invalid
VAPI_bmsSocMin,@invalid
VAPI_bodyControls,Pektron
VAPI_brakeFluidLow,@invalid
VAPI_brakeHwType,Standalone_EPB
VAPI_brakePedal,@invalid
VAPI_brickNumVoltageMax,@invalid
VAPI_brickNumVoltageMin,@invalid
VAPI_brickVoltageMax,@invalid
VAPI_brickVoltageMin,@invalid
VAPI_busSleepState,AnyBusAsleep
VAPI_busesActive,false
VAPI_cableCurrentLimit,@invalid
VAPI_carIsShuttingDown,false
VAPI_carType,ModelS
VAPI_carVersionString,2018.49.12.1 399e961
VAPI_cellType,BB
VAPI_chargeAveragePower,@invalid
VAPI_chargeCableType,@invalid
VAPI_chargeCableUnlatched,@invalid
VAPI_chargeHours,2.700
VAPI_chargePort,US
VAPI_chargePortApsVoltage,@invalid
VAPI_chargePortColor,@invalid
VAPI_chargePortCoverClosed,@invalid
VAPI_chargePortDoor,@invalid
VAPI_chargePortDoorSensor,@invalid
VAPI_chargePortInsertEnableLine,@invalid
VAPI_chargePortLatch,@invalid
VAPI_chargeTimeToFull,@invalid
VAPI_chargerCurrent,@invalid
VAPI_chargerCurrentMaster,@invalid
VAPI_chargerCurrentSlave,@invalid
VAPI_chargerNearDeploy,@invalid
VAPI_chargerPhases,@invalid
VAPI_chargerPower,@invalid
VAPI_chargerSlaveTempPercent,@invalid
VAPI_chargerStateSlave,@invalid
VAPI_chargerTemp,@invalid
VAPI_chargerTempPercent,@invalid
VAPI_chargerType,TeslaSingle
VAPI_chargerVoltage,@invalid
VAPI_chargerVoltageMaster,@invalid
VAPI_chargerVoltageSlave,@invalid
VAPI_chassisType,S
VAPI_chgChargeEnabled,@invalid
VAPI_chgChargerFault,@invalid
VAPI_chgEvseAccept,@invalid
VAPI_chgIBat,@invalid
VAPI_chgIgbtTempMax,@invalid
VAPI_chgInletPassiveTarget,@invalid
VAPI_chgMagneticsTempMax,@invalid
VAPI_chgMagneticsTemperature,@invalid
VAPI_chgMainState,@invalid
VAPI_chgPilot,@invalid
VAPI_chgPilotCurrent,@invalid
VAPI_chgPowerAvailable,@invalid
VAPI_chgProximity,@invalid
VAPI_chgRequestHVACPowerOn,@invalid
VAPI_chgV12V,@invalid
VAPI_chgVBat,@invalid
VAPI_chgVBoost,@invalid
VAPI_chgVBoostTarget,@invalid
VAPI_chgsCableCurrentLimit,@invalid
VAPI_chgsChargeEnabled,@invalid
VAPI_chgsChargerFault,@invalid
VAPI_chgsEvseAccept,@invalid
VAPI_chgsIBat,@invalid
VAPI_chgsPilot,@invalid
VAPI_chgsPilotCurrent,@invalid
VAPI_chgsPowerAvailable,@invalid
VAPI_chgsProximity,@invalid
VAPI_chgsRequestHVACPowerOn,@invalid
VAPI_chgsSubState,@invalid
VAPI_chgsV12V,@invalid
VAPI_chgsVBat,@invalid
VAPI_chgsVBoost,@invalid
VAPI_chgsVBoostTarget,@invalid
VAPI_confirmZeroSpeed,@invalid
VAPI_connectedToGateway,true
VAPI_countryCode,US
VAPI_crashSeverity,@invalid
VAPI_cruiseAvailable,@invalid
VAPI_cruiseEnableSpeed,@invalid
VAPI_cruiseSpeed,@invalid
VAPI_cruiseState,@invalid
VAPI_curveLightingType,None
VAPI_dataLoggerSerialNumber,@invalid
VAPI_deepSleepMinutes,16382
VAPI_diHeatsinkT,@invalid
VAPI_diPcbT,@invalid
VAPI_diState,@invalid
VAPI_dimmableRearViewMirror,true
VAPI_displaySpeed,@invalid
VAPI_doorAlert,@invalid
VAPI_doorHandleDFVersion,1.3.11
VAPI_doorHandleDRVersion,1.3.11
VAPI_doorHandlePFVersion,1.3.11
VAPI_doorHandlePRVersion,1.3.11
VAPI_doorState,
VAPI_dragStripStatus,@invalid
VAPI_dragStripTimeEst,@invalid
VAPI_driveAuthRequest,@invalid
VAPI_drivePowerLimit,@invalid
VAPI_drivePowerLimitMax,250.000
VAPI_driveRailOn,false
VAPI_driverAssist,MonoCam
VAPI_driverDoor,false
VAPI_driverDoorAlert,@invalid
VAPI_driverPresent,@invalid
VAPI_driverSeatbelt,@invalid
VAPI_dynoMode,@invalid
VAPI_efficiencyPackage,Default
VAPI_enableDefrostForPreconditioning,false
VAPI_entryLightingTimerRequest,4
VAPI_epasType,L538
VAPI_espBrakePedalState,@invalid
VAPI_espInterface,2
VAPI_espMode,@invalid
VAPI_europeVehicle,false
VAPI_exitLightingTimerRequest,4
VAPI_expectedEnergyRemaining,51.715
VAPI_expectedPower,125.000
VAPI_exteriorColor,MetallicBlack
VAPI_falconDoorAlert,@invalid
VAPI_falconStrutType,1
VAPI_fastChargeAllowed,IsAllowed
VAPI_fastChargeInstalled,InstalledType1
VAPI_fastChargerBrand,@invalid
VAPI_fastChargerPresent,@invalid
VAPI_fastChargerType,@invalid
VAPI_fisheyeCameraCalibrated,@invalid
VAPI_fisheyeCameraCalibrationPitch,@invalid
VAPI_fisheyeCameraCalibrationProgress,@invalid
VAPI_fisheyeCameraCalibrationYaw,@invalid
VAPI_fisheyeCameraLUX,@invalid
VAPI_forceSleep,false
VAPI_forwardRadar,BoschMRR14
VAPI_fourWheelDrive,true
VAPI_frontCrash,@invalid
VAPI_frontDoorActuationType,Active
VAPI_frontDoorLatchType,Default
VAPI_frontDriveUnit,NoneOrSmall
VAPI_frontDriverHandlePullPersist,@invalid
VAPI_frontFogLights,@invalid
VAPI_frontNearDeploy,@invalid
VAPI_frontPassengerHandlePullPersist,@invalid
VAPI_frontTrunkAlert,@invalid
VAPI_frontTrunkLatch,@invalid
VAPI_fullChargeComplete,@invalid
VAPI_gpsType,UBlox
VAPI_gsmPower,true
VAPI_gtwFactoryMode,false
VAPI_gtwSleepRequest,OkToSleep
VAPI_gtwSleepState,Idle
VAPI_gtwWakeupReason,UART
VAPI_gtwWouldSleep,false
VAPI_handleStatus,@invalid
VAPI_handsOnLevel,@invalid
VAPI_hasAirbagCutoff,false
VAPI_hasAmbientLights,true
VAPI_hasCorneringLights,true
VAPI_hasDrls,true
VAPI_hasFoldingMirrors,true
VAPI_hasFrontFog,true
VAPI_hasHeadlightLeveler,None
VAPI_hasHomelink,Gen1
VAPI_hasMemoryMirrors,true
VAPI_hasMemorySeats,BitronGen1
VAPI_hasNozzleHeater,true
VAPI_hasPowerLiftgate,true
VAPI_hasRearFog,false
VAPI_hasSeatHeaters,true
VAPI_hasSpoiler,Passive
VAPI_hasSunroof,Gen2
VAPI_hasWiperHeater,true
VAPI_hazards,@invalid
VAPI_headLights,@invalid
VAPI_headlightType,Hid
VAPI_headlightsOnDoorOpenAlert,@invalid
VAPI_highBeamLights,@invalid
VAPI_holidayPartyStatus,@invalid
VAPI_hvacRailOn,false
VAPI_hvilStatus,@invalid
VAPI_hvjbCurrent,@invalid
VAPI_hvjbFault,@invalid
VAPI_hvjbTemperature,@invalid
VAPI_ibstFault,false
VAPI_ibstPressureFailed,@invalid
VAPI_ibstReduced,false
VAPI_ibstStatus,@invalid
VAPI_icBacklightOn,@invalid
VAPI_icIsShuttingDown,false
VAPI_icLCDOn,@invalid
VAPI_idealEnergyRemaining,54.664
VAPI_idealRange,227.768
VAPI_idealWattHourPerMile,240.000
VAPI_intrusionTiltType,SensorNotInstalled
VAPI_inverterFault,@invalid
VAPI_inverterTemp,@invalid
VAPI_inverterTempPercent,@invalid
VAPI_inverterVoltage,@invalid
VAPI_ionizerType,Halla
VAPI_isCarMoving,@invalid
VAPI_isCharging,false
VAPI_isECallEquipped,@invalid
VAPI_isEbuck,false
VAPI_isLocked,true
VAPI_isNighttime,false
VAPI_isPilotGood,@invalid
VAPI_isolationResistance,@invalid
VAPI_kWhChargeCounter,@invalid
VAPI_kWhDischargeCounter,@invalid
VAPI_keepAliveActive,false
VAPI_keepAliveExpiration,Fri Feb 8 09:28:04 2019
VAPI_keyNotAuthenticatedAlert,@invalid
VAPI_keyfobAuthenticated,@invalid
VAPI_keyfobCenterLongPress,@invalid
VAPI_keyfobCenterPress,@invalid
VAPI_keyfobFrontPress,@invalid
VAPI_keyfobPresent,false
VAPI_keyfobRearPress,@invalid
VAPI_lPillarCameraCalibrated,@invalid
VAPI_lPillarCameraCalibrationPitch,@invalid
VAPI_lPillarCameraCalibrationProgress,@invalid
VAPI_lPillarCameraCalibrationYaw,@invalid
VAPI_lRepeaterCameraCalibrated,@invalid
VAPI_lRepeaterCameraCalibrationPitch,@invalid
VAPI_lRepeaterCameraCalibrationProgress,@invalid
VAPI_lRepeaterCameraCalibrationYaw,@invalid
VAPI_latAcceleration,@invalid
VAPI_latchDownProxLatched,@invalid
VAPI_leftClimateTempDirection,@invalid
VAPI_leftMirrorDipped,@invalid
VAPI_leftParkingBrakeDisconnected,@invalid
VAPI_leftPillarCameraLUX,@invalid
VAPI_leftRepeaterCameraLUX,@invalid
VAPI_leftSideCrash,@invalid
VAPI_leftSideNearDeploy,@invalid
VAPI_lightPipeInstalled,true
VAPI_lockChime,@invalid
VAPI_lockRejected,@invalid
VAPI_lockRequestType,@invalid
VAPI_lockStatus,@invalid
VAPI_longAcceleration,@invalid
VAPI_longitudinalAccel,@invalid
VAPI_mainCameraCalibrated,@invalid
VAPI_mainCameraCalibrationPitch,@invalid
VAPI_mainCameraCalibrationProgress,@invalid
VAPI_mainCameraCalibrationYaw,@invalid
VAPI_mainCameraLUX,@invalid
VAPI_maxLineCurrent,@invalid
VAPI_maxPilotCurrent,12.000
VAPI_memorySeatMoving,@invalid
VAPI_memorySeatRecallStatus,@invalid
VAPI_mirrorFoldState,@invalid
VAPI_moduleNumTMax,@invalid
VAPI_moduleNumTMin,@invalid
VAPI_motorCurrent,@invalid
VAPI_motorPower,@invalid
VAPI_motorRPM,@invalid
VAPI_motorTorque,@invalid
VAPI_motorizedChargePort,true
VAPI_narrowCameraCalibrated,@invalid
VAPI_narrowCameraCalibrationPitch,@invalid
VAPI_narrowCameraCalibrationProgress,@invalid
VAPI_narrowCameraCalibrationYaw,@invalid
VAPI_narrowCameraLUX,@invalid
VAPI_navigationAllowed,Yes
VAPI_navigationEngine,TeslaMaps
VAPI_navigationMapRegion,USCanada
VAPI_nightShift,3543
VAPI_noKeylessEntry,false
VAPI_noPackDemoMode,false
VAPI_noPushToUnlock,false
VAPI_noSpeedPulse,false
VAPI_noVehicleSleep,false
VAPI_nominalEnergyRemaining,55.823
VAPI_notAuthenticatedAlert,@invalid
VAPI_notEnoughPowerToHeat,@invalid
VAPI_numberHVILNodes,0
VAPI_ocsAppVersion,ffff
VAPI_ocsCalVersion,ffff
VAPI_ocsInstalled,true
VAPI_otherFastChargeAllowed,true
VAPI_packConfig,70
VAPI_packEnergy,Energy85
VAPI_packTemp,@invalid
VAPI_parkAssist,Bosch5
VAPI_parkBrakeApplied,@invalid
VAPI_parkBrakeButtonAvailable,@invalid
VAPI_parkBrakeSpinner,@invalid
VAPI_parkSensorGeometryType,S
VAPI_parkingBrake,false
VAPI_parkingLights,@invalid
VAPI_passengerAirbagOff,@invalid
VAPI_passengerSeatbelt,@invalid
VAPI_passengerType,@invalid
VAPI_pedalPos,@invalid
VAPI_pedestrianWarningType,None
VAPI_performanceAddOn,Ludicrous
VAPI_performanceConfig,P2
VAPI_performanceLock,NONE
VAPI_pilotCurrent,@invalid
VAPI_pilotCurrentReducedAlert,@invalid
VAPI_powerLevel,0.002
VAPI_powerOffRequest,false
VAPI_powertrainInletTemp,@invalid
VAPI_powertrainOutletTemp,@invalid
VAPI_priorCountryCode,US
VAPI_priorEuropeVehicle,false
VAPI_profilePositions,@invalid
VAPI_projectedRange,95.339
VAPI_projectedWattHourPerMile,542.433
VAPI_ptInletActiveTargetT,@invalid
VAPI_ptInletPassiveTargetT,@invalid
VAPI_ptPumpPct,@invalid
VAPI_rPillarCameraCalibrated,@invalid
VAPI_rPillarCameraCalibrationPitch,@invalid
VAPI_rPillarCameraCalibrationProgress,@invalid
VAPI_rPillarCameraCalibrationYaw,@invalid
VAPI_rRepeaterCameraCalibrated,@invalid
VAPI_rRepeaterCameraCalibrationPitch,@invalid
VAPI_rRepeaterCameraCalibrationProgress,@invalid
VAPI_rRepeaterCameraCalibrationYaw,@invalid
VAPI_radarPosition,S
VAPI_ratedRange,176.337
VAPI_ratedWattHourPerMile,310.000
VAPI_rccmModeDis_Flag,@invalid
VAPI_rearCrash,@invalid
VAPI_rearDriveUnit,Large
VAPI_rearFacingSeats,false
VAPI_rearFogLights,@invalid
VAPI_rearNearDeploy,@invalid
VAPI_rearSeatControllerMask,0
VAPI_rearSeatHeaters,Base
VAPI_rearSeatType,Recaro
VAPI_rearTrunkAlert,false
VAPI_regenPowerLimit,@invalid
VAPI_regenPowerLimitMax,45.000
VAPI_remotePreconditioningTimedOutTrigger,false
VAPI_restraintControlsType,DelphiSDM
VAPI_restraintsHardwareType,@invalid
VAPI_rightClimateTempDirection,@invalid
VAPI_rightHandDrive,false
VAPI_rightMirrorDipped,@invalid
VAPI_rightParkingBrakeDisconnected,@invalid
VAPI_rightPillarCameraLUX,@invalid
VAPI_rightRepeaterCameraLUX,@invalid
VAPI_rightSideCrash,@invalid
VAPI_rightSideNearDeploy,@invalid
VAPI_rlsAmbient,@invalid
VAPI_rlsAmbientAccum,@invalid
VAPI_rlsFront,@invalid
VAPI_rlsFrontAccum,@invalid
VAPI_rlsHud,@invalid
VAPI_rlsHudFront,@invalid
VAPI_rlsHudFrontAccum,@invalid
VAPI_rlsHudFrontScale,@invalid
VAPI_rlsLeft,@invalid
VAPI_rlsLeftAccum,@invalid
VAPI_rlsRight,@invalid
VAPI_rlsRightAccum,@invalid
VAPI_roadLoadAeroCdA,@invalid
VAPI_roadLoadMass,@invalid
VAPI_roadLoadTireCrr,@invalid
VAPI_rollOverCrash,@invalid
VAPI_rollOverNearDeploy,@invalid
VAPI_roofColor,None
VAPI_screenAdhesiveType,DBA2220
VAPI_sdmAppVersion,20a2d6
VAPI_sdmCalVersion,cb59d6
VAPI_seatObstacle2C,@invalid
VAPI_seatObstacle2L,@invalid
VAPI_seatObstacle2R,@invalid
VAPI_seatOccupied2C,@invalid
VAPI_seatOccupied2L,@invalid
VAPI_seatOccupied2R,@invalid
VAPI_seatOccupied3L,@invalid
VAPI_seatOccupied3R,@invalid
VAPI_seatPitchState2C,@invalid
VAPI_seatPitchState2L,@invalid
VAPI_seatPitchState2R,@invalid
VAPI_seatTrackState2C,@invalid
VAPI_seatTrackState2L,@invalid
VAPI_seatTrackState2R,@invalid
VAPI_seatType,Recaro
VAPI_seatUnlatched2C,@invalid
VAPI_seatUnlatched2L,@invalid
VAPI_seatUnlatched2R,@invalid
VAPI_seatVentType,None
VAPI_seatbeltReminderChime,@invalid
VAPI_shiftState,@invalid
VAPI_shutterType,1stGen
VAPI_sideMarkerInstalled,true
VAPI_sideMirrorMoving,@invalid
VAPI_signalLeft,@invalid
VAPI_signalRight,@invalid
VAPI_signedVehicleSpeed,@invalid
VAPI_simulatedS1Pack,false
VAPI_slaveMotorPower,@invalid
VAPI_slaveTorqueCmd,@invalid
VAPI_slipStartAllowed,@invalid
VAPI_smartSeatSwitchDriverStatus,@invalid
VAPI_smartSeatSwitchPassengerStatus,@invalid
VAPI_soePctLimit,100.000
VAPI_softPackConfig,0
VAPI_softPackConfigMismatch,false
VAPI_speedUnits,@invalid
VAPI_spoilerStatus,@invalid
VAPI_standbySupplyRequired,false
VAPI_statorTemp,@invalid
VAPI_statorTempPercent,@invalid
VAPI_stayAwakeExpiration,Sun Feb 10 17:48:54 2019
VAPI_steeringAngle,@invalid
VAPI_steeringAngleRate,@invalid
VAPI_steeringColumn,Daimler
VAPI_steeringColumnMoving,@invalid
VAPI_steeringColumnRecalling,@invalid
VAPI_steeringWheel,MY2014_ACC
VAPI_steeringWheelHeater,true
VAPI_stickerRange,999.000
VAPI_telltaleABS,false
VAPI_telltaleAFS,@invalid
VAPI_telltaleAirbag,false
VAPI_telltaleBrakes,Off
VAPI_telltaleESP,Off
VAPI_telltaleHeadlights,false
VAPI_telltaleHold,@invalid
VAPI_telltaleParkingBrake,Off
VAPI_telltaleParkingBrakeAmber,Off
VAPI_telltaleRearSeatbelts,@invalid
VAPI_telltaleSeatbelt,Off
VAPI_telltaleSuspension,Off
VAPI_telltaleTPMS,Off
VAPI_thBusInstalled,false
VAPI_thcChillSolActive,@invalid
VAPI_thcChillerBypassValvePct,@invalid
VAPI_thcCompCoolingReqPct,@invalid
VAPI_thcCondFanLeftReqPct,@invalid
VAPI_thcCondFanRightReqPct,@invalid
VAPI_thcCondenserFanPct,@invalid
VAPI_thcCurrentModeTransPri,@invalid
VAPI_thcDesiredModeTransPri,@invalid
VAPI_thcEvapSolActive,@invalid
VAPI_thcFanPct,@invalid
VAPI_thcLouverLeftInPosition,@invalid
VAPI_thcLouverLeftPosition,@invalid
VAPI_thcLouverRightInPosition,@invalid
VAPI_thcLouverRightPosition,@invalid
VAPI_thcMode,@invalid
VAPI_thcModeValveParallel,@invalid
VAPI_thcModeValveParallelInPos,@invalid
VAPI_thcRadBypassValvePct,@invalid
VAPI_thcRadiatorFanPct,@invalid
VAPI_thcRefrigDischargeTemp,@invalid
VAPI_thcRefrigSuctionPressure,@invalid
VAPI_thcRefrigSuctionTemp,@invalid
VAPI_thcRefrigerantPressTarget,@invalid
VAPI_thcRefrigerantPressure,@invalid
VAPI_thcThroatLeftInPosition,@invalid
VAPI_thcThroatLeftPosition,@invalid
VAPI_thcThroatRightInPosition,@invalid
VAPI_thcThroatRightPosition,@invalid
VAPI_thirdRowSeatHeatType,ThirdRowSeatHeatTypeNone
VAPI_thirdRowSeatType,None
VAPI_topSpeed,@invalid
VAPI_torqueCmd,@invalid
VAPI_torsionBarTorque,@invalid
VAPI_touchPower,true
VAPI_towModeEnabled,false
VAPI_towPackage,None
VAPI_tpmsType,Conti
VAPI_tractionControlMode,@invalid
VAPI_tractionControlOff,@invalid
VAPI_tractionControlType,EspIfRwd_DIIfAwd
VAPI_trim,P85D
VAPI_tripCharging,@invalid
VAPI_tripDistance,0.000
VAPI_tunerHDVersion,@invalid
VAPI_turnSignalActive,@invalid
VAPI_ultrasonicsBlocked,@invalid
VAPI_ultrasonicsDamaged,@invalid
VAPI_unbuckled2CSeatbelt,@invalid
VAPI_unbuckled2LSeatbelt,@invalid
VAPI_unbuckled2RSeatbelt,@invalid
VAPI_unbuckled3LSeatbelt,@invalid
VAPI_unbuckled3RSeatbelt,@invalid
VAPI_unbuckledDriverSeatbelt,@invalid
VAPI_unbuckledPassengerSeatbelt,@invalid
VAPI_unbuckledRearSeatbelts,@invalid
VAPI_usableBatteryLevel,69.108
VAPI_vehicleBadging,Base
VAPI_vehicleDirection,@invalid
VAPI_vehicleHoldState,@invalid
VAPI_vehicleSpeed,@invalid
VAPI_wakeUpRequest,false
VAPI_washerFluidLow,@invalid
VAPI_washerStalk,@invalid
VAPI_wheelType,Arachnid21Black
VAPI_winchModeAvailable,@invalid
VAPI_winchModeEnabled,@invalid
VAPI_wiperStalk,@invalid
VAPI_xmAntennaInstalled,true
VAPI_yawRate,@invalid
VCFRONT_debugEnable,false
VCRIGHT_debugEnable,false
WIFI_address,192.168.1.172
WIFI_antennaDisconnected,false
WIFI_availableNetworks,@invalid
WIFI_clientStatus,Connected
WIFI_connected,@invalid
WIFI_mode,Client
WIFI_powered,@invalid
WIFI_scanEnded,true
WIFI_signalNoise,25
WIFI_signalQuality,20
WIFI_signalStrength,122
WIFI_smState,WCConnected
car_server/low_soe_notification_sent,false
carserver/recentAlerts,"DAS_w057_mcuMia@2019-02-07T17:48:40@hidden@2019-02-07T17:51:19,DI_w094_canData@2019-02-07T17:44:35@hidden@2019-02-07T17:44:40,PM_w012_canData@2019-02-07T17:44:34@hidden@2019-02-07T17:44:39,DAS_w057_mcuMia@2019-02-07T17:42:26@hidden@2019-02-07T17:43:58,DAS_w057_mcuMia@2019-02-07T17:35:11@hidden@2019-02-07T17:35:20,DAS_w057_mcuMia@2019-02-07T10:04:25@hidden@2019-02-07T10:06:58,DI_w094_canData@2019-02-07T10:04:09@hidden@2019-02-07T10:04:14,PM_w012_canData@2019-02-07T10:04:05@hidden@2019-02-07T10:04:14,DI_w094_canData@2019-02-07T10:03:16@hidden@2019-02-07T10:03:21,PM_w012_canData@2019-02-07T10:03:16@hidden@2019-02-07T10:03:21,DAS_w057_mcuMia@2019-02-07T09:55:11@hidden@2019-02-07T09:59:26,GTW_w216_assert@2019-02-07T09:52:09@hidden@2019-02-07T09:54:04,DAS_w057_mcuMia@2019-02-06T18:15:53@hidden@2019-02-06T18:18:39,MCU_u006_DriverDoorOpen@2019-02-06T18:08:36@Driver's door open/Proceed with caution@2019-02-06T18:08:37,DAS_w057_mcuMia@2019-02-06T09:34:48@hidden@2019-02-06T09:40:27,DI_w094_canData@2019-02-06T09:33:36@hidden@2019-02-06T09:33:41,DAS_w069_apcSpaceMasked@2019-02-06T09:32:48@hidden@2019-02-06T09:40:27,DAS_w057_mcuMia@2019-02-06T09:27:24@hidden@2019-02-06T09:28:13,GTW_w184_drHndMia@2019-02-06T09:13:15@hidden@2019-02-06T09:13:45,GTW_w183_dfHndMia@2019-02-06T09:13:15@hidden@2019-02-06T09:13:45,DAS_w057_mcuMia@2019-02-05T17:37:21@hidden@2019-02-05T17:40:35,DI_w094_canData@2019-02-05T17:35:49@hidden@2019-02-05T17:35:54,DI_u004_brakeOverride@2019-02-05T17:35:31@Both pedals pressed/Removing motor power@2019-02-05T17:35:33,DAS_w057_mcuMia@2019-02-05T17:27:48@hidden@2019-02-05T17:30:38,DI_w094_canData@2019-02-05T17:27:41@hidden@2019-02-05T17:27:46,PM_w012_canData@2019-02-05T17:27:41@hidden@2019-02-05T17:27:46,DAS_w057_mcuMia@2019-02-05T17:16:50@hidden@2019-02-05T17:18:45,DI_w094_canData@2019-02-05T17:14:30@hidden@2019-02-05T17:14:35,DAS_w069_apcSpaceMasked@2019-02-05T17:14:10@hidden@2019-02-05T17:16:40,DI_w094_canData@2019-02-05T17:13:52@hidden@2019-02-05T17:13:57,DAS_w057_mcuMia@2019-02-05T12:44:16@hidden@2019-02-05T12:46:54,DAS_w057_mcuMia@2019-02-05T12:24:16@hidden@2019-02-05T12:26:54,DAS_w057_mcuMia@2019-02-05T09:54:53@hidden@2019-02-05T09:57:44,DAS_w057_mcuMia@2019-02-05T09:39:53@hidden@2019-02-05T09:42:07,DI_w094_canData@2019-02-05T09:39:44@hidden@2019-02-05T09:39:49,PM_w012_canData@2019-02-05T09:39:44@hidden@2019-02-05T09:39:49,GTW_w216_assert@2019-02-05T00:57:39@hidden@2019-02-05T00:59:39,GTW_w216_assert@2019-02-05T00:46:51@hidden@2019-02-05T00:48:51,MCU_w007_MapsMissing@2019-02-05T00:43:47@Navigation system needs service/Maps are not loaded@2019-02-05T00:43:49,DAS_w057_mcuMia@2019-02-04T18:41:59@hidden@2019-02-04T18:44:43,DI_w094_canData@2019-02-04T18:39:13@hidden@2019-02-04T18:39:20,PM_w012_canData@2019-02-04T18:39:13@hidden@2019-02-04T18:39:21,DAS_w057_mcuMia@2019-02-04T18:29:41@hidden@2019-02-04T18:34:10,DI_w094_canData@2019-02-04T12:50:23@hidden@2019-02-04T12:50:28,PM_w012_canData@2019-02-04T12:50:23@hidden@2019-02-04T12:50:28,DAS_w057_mcuMia@2019-02-04T12:50:02@hidden@2019-02-04T12:53:32,DAS_w069_apcSpaceMasked@2019-02-04T12:48:17@hidden@2019-02-04T12:53:32,DAS_w057_mcuMia@2019-02-04T12:39:07@hidden@2019-02-04T12:41:01,GTW_w186_prHndMia@2019-02-04T12:38:33@hidden@2019-02-04T12:39:03,GTW_w185_pfHndMia@2019-02-04T12:38:33@hidden@2019-02-04T12:39:03,GTW_w184_drHndMia@2019-02-04T12:38:33@hidden@2019-02-04T12:39:03,GTW_w183_dfHndMia@2019-02-04T12:38:33@hidden@2019-02-04T12:39:03,DAS_w057_mcuMia@2019-02-04T11:45:49@hidden@2019-02-04T11:50:52,DI_w094_canData@2019-02-04T11:42:22@hidden@2019-02-04T11:42:27,DI_w094_canData@2019-02-04T11:41:52@hidden@2019-02-04T11:41:57,PM_w012_canData@2019-02-04T11:41:52@hidden@2019-02-04T11:41:57,DAS_w013_Cam_Watchdog@2019-02-04T10:56:08@hidden@2019-02-04T10:56:52,DAS_w012_Cam_BootFailure@2019-02-04T10:56:08@hidden@2019-02-04T10:56:52,DAS_w057_mcuMia@2019-02-04T10:03:28@hidden@2019-02-04T10:06:11,DI_u002_shiftDenied@2019-02-04T10:03:19@/@2019-02-04T10:03:20,DAS_w057_mcuMia@2019-02-04T09:36:40@hidden@2019-02-04T09:57:21,DI_u006_driverLeft@2019-02-04T09:36:39@hidden@2019-02-04T09:36:46,DI_w094_canData@2019-02-04T09:33:46@hidden@2019-02-04T09:33:51,PM_w012_canData@2019-02-04T09:33:45@hidden@2019-02-04T09:33:50,DAS_w057_mcuMia@2019-02-04T09:32:39@hidden@2019-02-04T09:32:43,DAS_w057_mcuMia@2019-02-04T09:32:10@hidden@2019-02-04T09:32:32,DAS_w072_selfparkComplete@2019-02-04T09:32:09@hidden@2019-02-04T09:32:12,DI_u025_autoparkAborted@2019-02-04T09:32:09@Autopark canceled/@2019-02-04T09:32:14,DAS_w071_selfparkStarted@2019-02-04T09:31:59@hidden@2019-02-04T09:32:12,DAS_w057_mcuMia@2019-02-04T09:24:36@hidden@2019-02-04T09:27:21,DAS_w057_mcuMia@2019-02-04T09:23:14@hidden@2019-02-04T09:23:18,DAS_w069_apcSpaceMasked@2019-02-04T09:19:22@hidden@2019-02-04T09:27:21,DAS_w069_apcSpaceMasked@2019-02-04T09:18:49@hidden@2019-02-04T09:19:20,PM_w012_canData@2019-02-04T09:12:37@hidden@2019-02-04T09:12:42,DI_w094_canData@2019-02-04T09:12:37@hidden@2019-02-04T09:12:42,GTW_w186_prHndMia@2019-02-04T09:12:21@hidden@2019-02-04T09:12:52,GTW_w185_pfHndMia@2019-02-04T09:12:21@hidden@2019-02-04T09:12:52,GTW_w184_drHndMia@2019-02-04T09:12:21@hidden@2019-02-04T09:12:52,GTW_w183_dfHndMia@2019-02-04T09:12:21@hidden@2019-02-04T09:12:52,DI_w094_canData@2019-02-04T09:12:04@hidden@2019-02-04T09:12:09,PM_w012_canData@2019-02-04T09:12:03@hidden@2019-02-04T09:12:08,DI_w094_canData@2019-02-04T09:11:54@hidden@2019-02-04T09:11:59,DAS_w057_mcuMia@2019-02-04T09:08:32@hidden@2019-02-04T09:08:52,DI_w094_canData@2019-02-04T09:05:56@hidden@2019-02-04T09:06:01,PM_w012_canData@2019-02-04T09:05:55@hidden@2019-02-04T09:06:00,DAS_w057_mcuMia@2019-02-04T09:05:46@hidden@2019-02-04T09:08:31,PM_w012_canData@2019-02-04T09:05:42@hidden@2019-02-04T09:05:47,DI_w094_canData@2019-02-04T09:05:42@hidden@2019-02-04T09:05:47,DI_u026_brakeStand@2019-02-04T09:04:27@Launch Mode enabled/@2019-02-04T09:04:29,DAS_w041_autopilotRateSaturated@2019-02-04T09:01:02@hidden@2019-02-04T09:01:05,DI_w094_canData@2019-02-04T09:00:54@hidden@2019-02-04T09:00:59,DI_w094_canData@2019-02-04T09:00:02@hidden@2019-02-04T09:00:07,DI_w094_canData@2019-02-04T08:57:47@hidden@2019-02-04T08:57:52,DAS_w057_mcuMia@2019-02-04T08:57:03@hidden@2019-02-04T08:57:11,DAS_w057_mcuMia@2019-02-04T08:56:33@hidden@2019-02-04T08:56:56,DAS_w072_selfparkComplete@2019-02-04T08:56:32@hidden@2019-02-04T08:56:35,DI_u025_autoparkAborted@2019-02-04T08:56:30@Autopark canceled/@2019-02-04T08:56:36,DAS_w071_selfparkStarted@2019-02-04T08:56:22@hidden@2019-02-04T08:56:35,DAS_w057_mcuMia@2019-02-03T17:49:27@hidden@2019-02-03T17:52:29,DI_w094_canData@2019-02-03T17:49:23@hidden@2019-02-03T17:49:31"
emptystreamdv,@invalid
gui/hvac_climate_keeper_settings,@invalid
gui/hvac_settings,@invalid
gui/locale_manager_user_changed_language,false
gui/rear_occupant_detected,@invalid
gui/reset_hvac_settings_on_update_flag,true
odin_notification_alerts,@invalid
odin_notification_time,@invalid
send_telemetry_to_server,true
urgent_notification_alerts,
urgent_notification_time,Tue Feb 5 00:53:27 2019
user_notify/filter_charge_complete,true
